// OpenClaw boot logo 176x176 RGB565 byte-swapped (0x0000=black bg)
#pragma once
#include <stdint.h>
#define LOGO_W 176
#define LOGO_H 176
static const uint16_t LOGO_IMG[30976] PROGMEM = {
0x0000,0x0000,0x0000,0x0000,0x0000,0x0000,0x0000,0x0000,0x0000,0x0000,0x0000,0x0000,
0x0000,0x0000,0x0000,0x0000,0x0000,0x0000,0x0000,0x0000,0x0000,0x0000,0x0000,0x0000,
0x0000,0x0000,0x0000,0x0000,0x0000,0x0000,0x0000,0x0000,0x0000,0x0000,0x0000,0x0000,
0x0000,0x0000,0x0000,0x0000,0x0000,0x0000,0x0000,0x0000,0x0000,0x0000,0x0000,0x0000,
0x0000,0x0000,0x0000,0x0000,0x0000,0x0000,0x0000,0x0000,0x0000,0x0000,0x0000,0x0000,
0x0000,0x0000,0x0000,0x0000,0x0000,0x0000,0x0000,0x0000,0x0000,0x0000,0x0000,0x0000,
0x0000,0x0000,0x0000,0x0000,0x0000,0x0000,0x0000,0x0000,0x0000,0x0000,0x0000,0x0000,
0x0000,0x0000,0x0000,0x0000,0x0000,0x0000,0x0000,0x0000,0x0000,0x0000,0x0000,0x0000,
0x0000,0x0000,0x0000,0x0000,0x0000,0x0000,0x0000,0x0000,0x0000,0x0000,0x0000,0x0000,
0x0000,0x0000,0x0000,0x0000,0x0000,0x0000,0x0000,0x0000,0x0000,0x0000,0x0000,0x0000,
0x0000,0x0000,0x0000,0x0000,0x0000,0x0000,0x0000,0x0000,0x0000,0x0000,0x0000,0x0000,
0x0000,0x0000,0x0000,0x0000,0x0000,0x0000,0x0000,0x0000,0x0000,0x0000,0x0000,0x0000,
0x0000,0x0000,0x0000,0x0000,0x0000,0x0000,0x0000,0x0000,0x0000,0x0000,0x0000,0x0000,
0x0000,0x0000,0x0000,0x0000,0x0000,0x0000,0x0000,0x0000,0x0000,0x0000,0x0000,0x0000,
0x0000,0x0000,0x0000,0x0000,0x0000,0x0000,0x0000,0x0000,0x0000,0x0000,0x0000,0x0000,
0x0000,0x0000,0x0000,0x0000,0x0000,0x0000,0x0000,0x0000,0x0000,0x0000,0x0000,0x0000,
0x0000,0x0000,0x0000,0x0000,0x0000,0x0000,0x0000,0x0000,0x0000,0x0000,0x0000,0x0000,
0x0000,0x0000,0x0000,0x0000,0x0000,0x0000,0x0000,0x0000,0x0000,0x0000,0x0000,0x0000,
0x0000,0x0000,0x0000,0x0000,0x0000,0x0000,0x0000,0x0000,0x0000,0x0000,0x0000,0x0000,
0x0000,0x0000,0x0000,0x0000,0x0000,0x0000,0x0000,0x0000,0x0000,0x0000,0x0000,0x0000,
0x0000,0x0000,0x0000,0x0000,0x0000,0x0000,0x0000,0x0000,0x0000,0x0000,0x0000,0x0000,
0x0000,0x0000,0x0000,0x0000,0x0000,0x0000,0x0000,0x0000,0x0000,0x0000,0x0000,0x0000,
0x0000,0x0000,0x0000,0x0000,0x0000,0x0000,0x0000,0x0000,0x0000,0x0000,0x0000,0x0000,
0x0000,0x0000,0x0000,0x0000,0x0000,0x0000,0x0000,0x0000,0x0000,0x0000,0x0000,0x0000,
0x0000,0x0000,0x0000,0x0000,0x0000,0x0000,0x0000,0x0000,0x0000,0x0000,0x0000,0x0000,
0x0000,0x0000,0x0000,0x0000,0x0000,0x0000,0x0000,0x0000,0x0000,0x0000,0x0000,0x0000,
0x0000,0x0000,0x0000,0x0000,0x0000,0x0000,0x0000,0x0000,0x0000,0x0000,0x0000,0x0000,
0x0000,0x0000,0x0000,0x0000,0x0000,0x0000,0x0000,0x0000,0x0000,0x0000,0x0000,0x0000,
0x0000,0x0000,0x0000,0x0000,0x0000,0x0000,0x0000,0x0000,0x0000,0x0000,0x0000,0x0000,
0x0000,0x0000,0x0000,0x0000,0x0000,0x0000,0x0000,0x0000,0x0000,0x0000,0x0000,0x0000,
0x0000,0x0000,0x0000,0x0000,0x0000,0x0000,0x0000,0x0000,0x0000,0x0000,0x0000,0x0000,
0x0000,0x0000,0x0000,0x0000,0x0000,0x0000,0x0000,0x0000,0x0000,0x0000,0x0000,0x0000,
0x0000,0x0000,0x0000,0x0000,0x0000,0x0000,0x0000,0x0000,0x0000,0x0000,0x0000,0x0000,
0x0000,0x0000,0x0000,0x0000,0x0000,0x0000,0x0000,0x0000,0x0000,0x0000,0x0000,0x0000,
0x0000,0x0000,0x0000,0x0000,0x0000,0x0000,0x0000,0x0000,0x0000,0x0000,0x0000,0x0000,
0x0000,0x0000,0x0000,0x0000,0x0000,0x0000,0x0000,0x0000,0x0000,0x0000,0x0000,0x0000,
0x0000,0x0000,0x0000,0x0000,0x0000,0x0000,0x0000,0x0000,0x0000,0x0000,0x0000,0x0000,
0x0000,0x0000,0x0000,0x0000,0x0000,0x0000,0x0000,0x0000,0x0000,0x0000,0x0000,0x0000,
0x0000,0x0000,0x0000,0x0000,0x0000,0x0000,0x0000,0x0000,0x0000,0x0000,0x0000,0x0000,
0x0000,0x0000,0x0000,0x0000,0x0000,0x0000,0x0000,0x0000,0x0000,0x0000,0x0000,0x0000,
0x0000,0x0000,0x0000,0x0000,0x0000,0x0000,0x0000,0x0000,0x0000,0x0000,0x0000,0x0000,
0x0000,0x0000,0x0000,0x0000,0x0000,0x0000,0x0000,0x0000,0x0000,0x0000,0x0000,0x0000,
0x0000,0x0000,0x0000,0x0000,0x0000,0x0000,0x0000,0x0000,0x0000,0x0000,0x0000,0x0000,
0x0000,0x0000,0x0000,0x0000,0x0000,0x0000,0x0000,0x0000,0x0000,0x0000,0x0000,0x0000,
0x0000,0x0000,0x0000,0x0000,0x0000,0x0000,0x0000,0x0000,0x0000,0x0000,0x0000,0x0000,
0x0000,0x0000,0x0000,0x0000,0x0000,0x0000,0x0000,0x0000,0x0000,0x0000,0x0000,0x0000,
0x0000,0x0000,0x0000,0x0000,0x0000,0x0000,0x0000,0x0000,0x0000,0x0000,0x0000,0x0000,
0x0000,0x0000,0x0000,0x0000,0x0000,0x0000,0x0000,0x0000,0x0000,0x0000,0x0000,0x0000,
0x0000,0x0000,0x0000,0x0000,0x0000,0x0000,0x0000,0x0000,0x0000,0x0000,0x0000,0x0000,
0x0000,0x0000,0x0000,0x0000,0x0000,0x0000,0x0000,0x0000,0x0000,0x0000,0x0000,0x0000,
0x0000,0x0000,0x0000,0x0000,0x0000,0x0000,0x0000,0x0000,0x0000,0x0000,0x0000,0x0000,
0x0000,0x0000,0x0000,0x0000,0x0000,0x0000,0x0000,0x0000,0x0000,0x0000,0x0000,0x0000,
0x0000,0x0000,0x0000,0x0000,0x0000,0x0000,0x0000,0x0000,0x0000,0x0000,0x0000,0x0000,
0x0000,0x0000,0x0000,0x0000,0x0000,0x0000,0x0000,0x0000,0x0000,0x0000,0x0000,0x0000,
0x0000,0x0000,0x0000,0x0000,0x0000,0x0000,0x0000,0x0000,0x0000,0x0000,0x0000,0x0000,
0x0000,0x0000,0x0000,0x0000,0x0000,0x0000,0x0000,0x0000,0x0000,0x0000,0x0000,0x0000,
0x0000,0x0000,0x0000,0x0000,0x0000,0x0000,0x0000,0x0000,0x0000,0x0000,0x0000,0x0000,
0x0000,0x0000,0x0000,0x0000,0x0000,0x0000,0x0000,0x0000,0x0000,0x0000,0x0000,0x0000,
0x0000,0x0000,0x0000,0x0000,0x0000,0x0000,0x0000,0x0000,0x0000,0x0000,0x0000,0x0000,
0x0000,0x0000,0x0000,0x0000,0x0000,0x0000,0x0000,0x0000,0x0000,0x0000,0x0000,0x0000,
0x0000,0x0000,0x0000,0x0000,0x0000,0x0000,0x0000,0x0000,0x0000,0x0000,0x0000,0x0000,
0x0000,0x0000,0x0000,0x0000,0x0000,0x0000,0x0000,0x0000,0x0000,0x0000,0x0000,0x0000,
0x0000,0x0000,0x0000,0x0000,0x0000,0x0000,0x0000,0x0000,0x0000,0x0000,0x0000,0x0000,
0x0000,0x0000,0x0000,0x0000,0x0000,0x0000,0x0000,0x0000,0x0000,0x0000,0x0000,0x0000,
0x0000,0x0000,0x0000,0x0000,0x0000,0x0000,0x0000,0x0000,0x0000,0x0000,0x0000,0x0000,
0x0000,0x0000,0x0000,0x0000,0x0000,0x0000,0x0000,0x0000,0x0000,0x0000,0x0000,0x0000,
0x0000,0x0000,0x0000,0x0000,0x0000,0x0000,0x0000,0x0000,0x0000,0x0000,0x0000,0x0000,
0x0000,0x0000,0x0000,0x0000,0x0000,0x0000,0x0000,0x0000,0x0000,0x0000,0x0000,0x0000,
0x0000,0x0000,0x0000,0x0000,0x0000,0x0000,0x0000,0x0000,0x0000,0x0000,0x0000,0x0000,
0x0000,0x0000,0x0000,0x0000,0x0000,0x0000,0x0000,0x0000,0x0000,0x0000,0x0000,0x0000,
0x0000,0x0000,0x0000,0x0000,0x0000,0x0000,0x0000,0x0000,0x0000,0x0000,0x0000,0x0000,
0x0000,0x0000,0x0000,0x0000,0x0000,0x0000,0x0000,0x0000,0x0000,0x0000,0x0000,0x0000,
0x0000,0x0000,0x0000,0x0000,0x0000,0x0000,0x0000,0x0000,0x0000,0x0000,0x0000,0x0000,
0x0000,0x0000,0x0000,0x0000,0x0000,0x0000,0x0000,0x0000,0x0000,0x0000,0x0000,0x0000,
0x0000,0x0000,0x0000,0x0000,0x0000,0x0000,0x0000,0x0000,0x0000,0x0000,0x0000,0x0000,
0x0000,0x0000,0x0000,0x0000,0x0000,0x0000,0x0000,0x0000,0x0000,0x0000,0x0000,0x0000,
0x0000,0x0000,0x0000,0x0000,0x0000,0x0000,0x0000,0x0000,0x0000,0x0000,0x0000,0x0000,
0x0000,0x0000,0x0000,0x0000,0x0000,0x0000,0x0000,0x0000,0x0000,0x0000,0x0000,0x0000,
0x0000,0x0000,0x0000,0x0000,0x0000,0x0000,0x0000,0x0000,0x0000,0x0000,0x0000,0x0000,
0x0000,0x0000,0x0000,0x0000,0x0000,0x0000,0x0000,0x0000,0x0000,0x0000,0x0000,0x0000,
0x0000,0x0000,0x0000,0x0000,0x0000,0x0000,0x0000,0x0000,0x0000,0x0000,0x0000,0x0000,
0x0000,0x0000,0x0000,0x0000,0x0000,0x0000,0x0000,0x0000,0x0000,0x0000,0x0000,0x0000,
0x0000,0x0000,0x0000,0x0000,0x0000,0x0000,0x0000,0x0000,0x0000,0x0000,0x0000,0x0000,
0x0000,0x0000,0x0000,0x0000,0x0000,0x0000,0x0000,0x0000,0x0000,0x0000,0x0000,0x0000,
0x0000,0x0000,0x0000,0x0000,0x0000,0x0000,0x0000,0x0000,0x0000,0x0000,0x0000,0x0000,
0x0000,0x0000,0x0000,0x0000,0x0000,0x0000,0x0000,0x0000,0x0000,0x0000,0x0000,0x0000,
0x0000,0x0000,0x0000,0x0000,0x0000,0x0000,0x0000,0x0000,0x0000,0x0000,0x0000,0x0000,
0x0000,0x0000,0x0000,0x0000,0x0000,0x0000,0x0000,0x0000,0x0000,0x0000,0x0000,0x0000,
0x0000,0x0000,0x0000,0x0000,0x0000,0x0000,0x0000,0x0000,0x0000,0x0000,0x0000,0x0000,
0x0000,0x0000,0x0000,0x0000,0x0000,0x0000,0x0000,0x0000,0x0000,0x0000,0x0000,0x0000,
0x0000,0x0000,0x0000,0x0000,0x0000,0x0000,0x0000,0x0000,0x0000,0x0000,0x0000,0x0000,
0x0000,0x0000,0x0000,0x0000,0x0000,0x0000,0x0000,0x0000,0x0000,0x0000,0x0000,0x0000,
0x0000,0x0000,0x0000,0x0000,0x0000,0x0000,0x0000,0x0000,0x0000,0x0000,0x0000,0x0000,
0x0000,0x0000,0x0000,0x0000,0x0000,0x0000,0x0000,0x0000,0x0000,0x0000,0x0000,0x0000,
0x0000,0x0000,0x0000,0x0000,0x0000,0x0000,0x0000,0x0000,0x0000,0x0000,0x0000,0x0000,
0x0000,0x0000,0x0000,0x0000,0x0000,0x0000,0x0000,0x0000,0x0000,0x0000,0x0000,0x0000,
0x0000,0x0000,0x0000,0x0000,0x0000,0x0000,0x0000,0x0000,0x0000,0x0000,0x0000,0x0000,
0x0000,0x0000,0x0000,0x0000,0x0000,0x0000,0x0000,0x0000,0x0000,0x0000,0x0000,0x0000,
0x0000,0x0000,0x0000,0x0000,0x0000,0x0000,0x0000,0x0000,0x0000,0x0000,0x0000,0x0000,
0x0000,0x0000,0x0000,0x0000,0x0000,0x0000,0x0000,0x0000,0x0000,0x0000,0x0000,0x0000,
0x0000,0x0000,0x0000,0x0000,0x0000,0x0000,0x0000,0x0000,0x0000,0x0000,0x0000,0x0000,
0x0000,0x0000,0x0000,0x0000,0x0000,0x0000,0x0000,0x0000,0x0000,0x0000,0x0000,0x0000,
0x0000,0x0000,0x0000,0x0000,0x0000,0x0000,0x0000,0x0000,0x0000,0x0000,0x0000,0x0000,
0x0000,0x0000,0x0000,0x0000,0x0000,0x0000,0x0000,0x0000,0x0000,0x0000,0x0000,0x0000,
0x0000,0x0000,0x0000,0x0000,0x0000,0x0000,0x0000,0x0000,0x0000,0x0000,0x0000,0x0000,
0x0000,0x0000,0x0000,0x0000,0x0000,0x0000,0x0000,0x0000,0x0000,0x0000,0x0000,0x0000,
0x0000,0x0000,0x0000,0x0000,0x0000,0x0000,0x0000,0x0000,0x0000,0x0000,0x0000,0x0000,
0x0000,0x0000,0x0000,0x0000,0x0000,0x0000,0x0000,0x0000,0x0000,0x0000,0x0000,0x0000,
0x0000,0x0000,0x0000,0x0000,0x0000,0x0000,0x0000,0x0000,0x0000,0x0000,0x0000,0x0000,
0x0000,0x0000,0x0000,0x0000,0x0000,0x0000,0x0000,0x0000,0x0000,0x0000,0x0000,0x0000,
0x0000,0x0000,0x0000,0x0000,0x0000,0x0000,0x0000,0x0000,0x0000,0x0000,0x0000,0x0000,
0x0000,0x0000,0x0000,0x0000,0x0000,0x0000,0x0000,0x0000,0x0000,0x0000,0x0000,0x0000,
0x0000,0x0000,0x0000,0x0000,0x0000,0x0000,0x0000,0x0000,0x0000,0x0000,0x0000,0x0000,
0x0000,0x0000,0x0000,0x0000,0x0000,0x0000,0x0000,0x0000,0x0000,0x0000,0x0000,0x0000,
0x0000,0x0000,0x0000,0x0000,0x0000,0x0000,0x0000,0x0000,0x0000,0x0000,0x0000,0x0000,
0x0000,0x0000,0x0000,0x0000,0x0000,0x0000,0x0000,0x0000,0x0000,0x0000,0x0000,0x0000,
0x0000,0x0000,0x0000,0x0000,0x0000,0x0000,0x0000,0x0000,0x0000,0x0000,0x0000,0x0000,
0x0000,0x0000,0x0000,0x0000,0x0000,0x0000,0x0000,0x0000,0x0000,0x0000,0x0000,0x0000,
0x0000,0x0000,0x0000,0x0000,0x0000,0x0000,0x0000,0x0000,0x0000,0x0000,0x0000,0x0000,
0x0000,0x0000,0x0000,0x0000,0x0000,0x0000,0x0000,0x0000,0x0000,0x0000,0x0000,0x0000,
0x0000,0x0000,0x0000,0x0000,0x0000,0x0000,0x0000,0x0000,0x0000,0x0000,0x0000,0x0000,
0x0000,0x0000,0x0000,0x0000,0x0000,0x0000,0x0000,0x0000,0x0000,0x0000,0x0000,0x0000,
0x0000,0x0000,0x0000,0x0000,0x0000,0x0000,0x0000,0x0000,0x0000,0x0000,0x0000,0x0000,
0x0000,0x0000,0x0000,0x0000,0x0000,0x0000,0x0000,0x0000,0x0000,0x0000,0x0000,0x0000,
0x0000,0x0000,0x0000,0x0000,0x0000,0x0000,0x0000,0x0000,0x0000,0x0000,0x0000,0x0000,
0x0000,0x0000,0x0000,0x0000,0x0000,0x0000,0x0000,0x0000,0x0000,0x0000,0x0000,0x0000,
0x0000,0x0000,0x0000,0x0000,0x0000,0x0000,0x0000,0x0000,0x0000,0x0000,0x0000,0x0000,
0x0000,0x0000,0x0000,0x0000,0x0000,0x0000,0x0000,0x0000,0x0000,0x0000,0x0000,0x0000,
0x0000,0x0000,0x0000,0x0000,0x0000,0x0000,0x0000,0x0000,0x0000,0x0000,0x0000,0x0000,
0x0000,0x0000,0x0000,0x0000,0x0000,0x0000,0x0000,0x0000,0x0000,0x0000,0x0000,0x0000,
0x0000,0x0000,0x0000,0x0000,0x0000,0x0000,0x0000,0x0000,0x0000,0x0000,0x0000,0x0000,
0x0000,0x0000,0x0000,0x0000,0x0000,0x0000,0x0000,0x0000,0x0000,0x0000,0x0000,0x0000,
0x0000,0x0000,0x0000,0x0000,0x0000,0x0000,0x0000,0x0000,0x0000,0x0000,0x0000,0x0000,
0x0000,0x0000,0x0000,0x0000,0x0000,0x0000,0x0000,0x0000,0x0000,0x0000,0x0000,0x0000,
0x0000,0x0000,0x0000,0x0000,0x0000,0x0000,0x0000,0x0000,0x0000,0x0000,0x0000,0x0000,
0x0000,0x0000,0x0000,0x0000,0x0000,0x0000,0x0000,0x0000,0x0000,0x0000,0x0000,0x0000,
0x0000,0x0000,0x0000,0x0000,0x0000,0x0000,0x0000,0x0000,0x0000,0x0000,0x0000,0x0000,
0x0000,0x0000,0x0000,0x0000,0x0000,0x0000,0x0000,0x0000,0x0000,0x0000,0x0000,0x0000,
0x0000,0x0000,0x0000,0x0000,0x0000,0x0000,0x0000,0x0000,0x0000,0x0000,0x0000,0x0000,
0x0000,0x0000,0x0000,0x0000,0x0000,0x0000,0x0000,0x0000,0x0000,0x0000,0x0000,0x0000,
0x0000,0x0000,0x0000,0x0000,0x0000,0x0000,0x0000,0x0000,0x0000,0x0000,0x0000,0x0000,
0x0000,0x0000,0x0000,0x0000,0x0000,0x0000,0x0000,0x0000,0x0000,0x0000,0x0000,0x0000,
0x0000,0x0000,0x0000,0x0000,0x0000,0x0000,0x0000,0x0000,0x0000,0x0000,0x0000,0x0000,
0x0000,0x0000,0x0000,0x0000,0x0000,0x0000,0x0000,0x0000,0x0000,0x0000,0x0000,0x0000,
0x0000,0x0000,0x0000,0x0000,0x0000,0x0000,0x0000,0x0000,0x0000,0x0000,0x0000,0x0000,
0x0000,0x0000,0x0000,0x0000,0x0000,0x0000,0x0000,0x0000,0x0000,0x0000,0x0000,0x0000,
0x0000,0x0000,0x0000,0x0000,0x0000,0x0000,0x0000,0x0000,0x0000,0x0000,0x0000,0x0000,
0x0000,0x0000,0x0000,0x0000,0x0000,0x0000,0x0000,0x0000,0x0000,0x0000,0x0000,0x0000,
0x0000,0x0000,0x0000,0x0000,0x0000,0x0000,0x0000,0x0000,0x0000,0x0000,0x0000,0x0000,
0x0000,0x0000,0x0000,0x0000,0x0000,0x0000,0x0000,0x0000,0x0000,0x0000,0x0000,0x0000,
0x0000,0x0000,0x0000,0x0000,0x0000,0x0000,0x0000,0x0000,0x0000,0x0000,0x0000,0x0000,
0x0000,0x0000,0x0000,0x0000,0x0000,0x0000,0x0000,0x0000,0x0000,0x0000,0x0000,0x0000,
0x0000,0x0000,0x0000,0x0000,0x0000,0x0000,0x0000,0x0000,0x0000,0x0000,0x0000,0x0000,
0x0000,0x0000,0x0000,0x0000,0x0000,0x0000,0x0000,0x0000,0x0000,0x0000,0x0000,0x0000,
0x0000,0x0000,0x0000,0x0000,0x0000,0x0000,0x0000,0x0000,0x0000,0x0000,0x0000,0x0000,
0x0000,0x0000,0x0000,0x0000,0x0000,0x0000,0x0000,0x0000,0x0000,0x0000,0x0000,0x0000,
0x0000,0x0000,0x0000,0x0000,0x0000,0x0000,0x0000,0x0000,0x0000,0x0000,0x0000,0x0000,
0x0000,0x0000,0x0000,0x0000,0x0000,0x0000,0x0000,0x0000,0x0000,0x0000,0x0000,0x0000,
0x0000,0x0000,0x0000,0x0000,0x0000,0x0000,0x0000,0x0000,0x0000,0x0000,0x0000,0x0000,
0x0000,0x0000,0x0000,0x0000,0x0000,0x0000,0x0000,0x0000,0x0000,0x0000,0x0000,0x0000,
0x0000,0x0000,0x0000,0x0000,0x0000,0x0000,0x0000,0x0000,0x0000,0x0000,0x0000,0x0000,
0x0000,0x0000,0x0000,0x0000,0x0000,0x0000,0x0000,0x0000,0x0000,0x0000,0x0000,0x0000,
0x0000,0x0000,0x0000,0x0000,0x0000,0x0000,0x0000,0x0000,0x0000,0x0000,0x0000,0x0000,
0x0000,0x0000,0x0000,0x0000,0x0000,0x0000,0x0000,0x0000,0x0000,0x0000,0x0000,0x0000,
0x0000,0x0000,0x0000,0x0000,0x0000,0x0000,0x0000,0x0000,0x0000,0x0000,0x0000,0x0000,
0x0000,0x0000,0x0000,0x0000,0x0000,0x0000,0x0000,0x0000,0x0000,0x0000,0x0000,0x0000,
0x0000,0x0000,0x0000,0x0000,0x0000,0x0000,0x0000,0x0000,0x0000,0x0000,0x0000,0x0000,
0x0000,0x0000,0x0000,0x0000,0x0000,0x0000,0x0000,0x0000,0x0000,0x0000,0x0000,0x0000,
0x0000,0x0000,0x0000,0x0000,0x0000,0x0000,0x0000,0x0000,0x0000,0x0000,0x0000,0x0000,
0x0000,0x0000,0x0000,0x0000,0x0000,0x0000,0x0000,0x0000,0x0000,0x0000,0x0000,0x0000,
0x0000,0x0000,0x0000,0x0000,0x0000,0x0000,0x0000,0x0000,0x0000,0x0000,0x0000,0x0000,
0x0000,0x0000,0x0000,0x0000,0x0000,0x0000,0x0000,0x0000,0x0000,0x0000,0x0000,0x0000,
0x0000,0x0000,0x0000,0x0000,0x0000,0x0000,0x0000,0x0000,0x0000,0x0000,0x0000,0x0000,
0x0000,0x0000,0x0000,0x0000,0x0000,0x0000,0x0000,0x0000,0x0000,0x0000,0x0000,0x0000,
0x0000,0x0000,0x0000,0x0000,0x0000,0x0000,0x0000,0x0000,0x0000,0x0000,0x0000,0x0000,
0x0000,0x0000,0x0000,0x0000,0x0000,0x0000,0x0000,0x0000,0x0000,0x0000,0x0000,0x0000,
0x0000,0x0000,0x0000,0x0000,0x0000,0x0000,0x0000,0x0000,0x0000,0x0000,0x0000,0x0000,
0x0000,0x0000,0x0000,0x0000,0x0000,0x0000,0x0000,0x0000,0x0000,0x0000,0x0000,0x0000,
0x0000,0x0000,0x0000,0x0000,0x0000,0x0000,0x0000,0x0000,0x0000,0x0000,0x0000,0x0000,
0x0000,0x0000,0x0000,0x0000,0x0000,0x0000,0x0000,0x0000,0x0000,0x0000,0x0000,0x0000,
0x0000,0x0000,0x0000,0x0000,0x0000,0x0000,0x0000,0x0000,0x0000,0x0000,0x0000,0x0000,
0x0000,0x0000,0x0000,0x0000,0x0000,0x0000,0x0000,0x0000,0x0000,0x0000,0x0000,0x0000,
0x0000,0x0000,0x0000,0x0000,0x0000,0x0000,0x0000,0x0000,0x0000,0x0000,0x0000,0x0000,
0x0000,0x0000,0x0000,0x0000,0x0000,0x0000,0x0000,0x0000,0x0000,0x0000,0x0000,0x0000,
0x0000,0x0000,0x0000,0x0000,0x0000,0x0000,0x0000,0x0000,0x0000,0x0000,0x0000,0x0000,
0x0000,0x0000,0x0000,0x0000,0x0000,0x0000,0x0000,0x0000,0x0000,0x0000,0x0000,0x0000,
0x0000,0x0000,0x0000,0x0000,0x0000,0x0000,0x0000,0x0000,0x0000,0x0000,0x0000,0x0000,
0x0000,0x0000,0x0000,0x0000,0x0000,0x0000,0x0000,0x0000,0x0000,0x0000,0x0000,0x0000,
0x0000,0x0000,0x0000,0x0000,0x0000,0x0000,0x0000,0x0000,0x0000,0x0000,0x0000,0x0000,
0x0000,0x0000,0x0000,0x0000,0x0000,0x0000,0x0000,0x0000,0x0000,0x0000,0x0000,0x0000,
0x0000,0x0000,0x0000,0x0000,0x0000,0x0000,0x0000,0x0000,0x0000,0x0000,0x0000,0x0000,
0x0000,0x0000,0x0000,0x0000,0x0000,0x0000,0x0000,0x0000,0x0000,0x0000,0x0000,0x0000,
0x0000,0x0000,0x0000,0x0000,0x0000,0x0000,0x0000,0x0000,0x0000,0x0000,0x0000,0x0000,
0x0000,0x0000,0x0000,0x0000,0x0000,0x0000,0x0000,0x0000,0x0000,0x0000,0x0000,0x0000,
0x0000,0x0000,0x0000,0x0000,0x0000,0x0000,0x0000,0x0000,0x0000,0x0000,0x0000,0x0000,
0x0000,0x0000,0x0000,0x0000,0x0000,0x0000,0x0000,0x0000,0x0000,0x0000,0x0000,0x0000,
0x0000,0x0000,0x0000,0x0000,0x0000,0x0000,0x0000,0x0000,0x0000,0x0000,0x0000,0x0000,
0x0000,0x0000,0x0000,0x0000,0x0000,0x0000,0x0000,0x0000,0x0000,0x0000,0x0000,0x0000,
0x0000,0x0000,0x0000,0x0000,0x0000,0x0000,0x0000,0x0000,0x0000,0x0000,0x0000,0x0000,
0x0000,0x0000,0x0000,0x0000,0x0000,0x0000,0x0000,0x0000,0x0000,0x0000,0x0000,0x0000,
0x0000,0x0000,0x0000,0x0000,0x0000,0x0000,0x0000,0x0000,0x0000,0x0000,0x0000,0x0000,
0x0000,0x0000,0x0000,0x0000,0x0000,0x0000,0x0000,0x0000,0x0000,0x0000,0x0000,0x0000,
0x0000,0x0000,0x0000,0x0000,0x0000,0x0000,0x0000,0x0000,0x0000,0x0000,0x0000,0x0000,
0x0000,0x0000,0x0000,0x0000,0x0000,0x0000,0x0000,0x0000,0x0000,0x0000,0x0000,0x0000,
0x0000,0x0000,0x0000,0x0000,0x0000,0x0000,0x0000,0x0000,0x0000,0x0000,0x0000,0x0000,
0x0000,0x0000,0x0000,0x0000,0x0000,0x0000,0x0000,0x0000,0x0000,0x0000,0x0000,0x0000,
0x0000,0x0000,0x0000,0x0000,0x0000,0x0000,0x0000,0x0000,0x0000,0x0000,0x0000,0x0000,
0x0000,0x0000,0x0000,0x0000,0x0000,0x0000,0x0000,0x0000,0x0000,0x0000,0x0000,0x0000,
0x0000,0x0000,0x0000,0x0000,0x0000,0x0000,0x0000,0x0000,0x0000,0x0000,0x0000,0x0000,
0x0000,0x0000,0x0000,0x0000,0x0000,0x0000,0x0000,0x0000,0x0000,0x0000,0x0000,0x0000,
0x0000,0x0000,0x0000,0x0000,0x0000,0x0000,0x0000,0x0000,0x0000,0x0000,0x0000,0x0000,
0x0000,0x0000,0x0000,0x0000,0x0000,0x0000,0x0000,0x0000,0x0000,0x0000,0x0000,0x0000,
0x0000,0x0000,0x0000,0x0000,0x0000,0x0000,0x0000,0x0000,0x0000,0x0000,0x0000,0x0000,
0x0000,0x0000,0x0000,0x0000,0x0000,0x0000,0x0000,0x0000,0x0000,0x0000,0x0000,0x0000,
0x0000,0x0000,0x0000,0x0000,0x0000,0x0000,0x0000,0x0000,0x0000,0x0000,0x0000,0x0000,
0x0000,0x0000,0x0000,0x0000,0x0000,0x0000,0x0000,0x0000,0x0000,0x0000,0x0000,0x0000,
0x0000,0x0000,0x0000,0x0000,0x0000,0x0000,0x0000,0x0000,0x0000,0x0000,0x0000,0x0000,
0x0000,0x0000,0x0000,0x0000,0x0000,0x0000,0x0000,0x0000,0x0000,0x0000,0x0000,0x0000,
0x0000,0x0000,0x0000,0x0000,0x0000,0x0000,0x0000,0x0000,0x0000,0x0000,0x0000,0x0000,
0x0000,0x0000,0x0000,0x0000,0x0000,0x0000,0x0000,0x0000,0x0000,0x0000,0x0000,0x0000,
0x0000,0x0000,0x0000,0x0000,0x0000,0x0000,0x0000,0x0000,0x0000,0x0000,0x0000,0x0000,
0x0000,0x0000,0x0000,0x0000,0x0000,0x0000,0x0000,0x0000,0x0000,0x0000,0x0000,0x0000,
0x0000,0x0000,0x0000,0x0000,0x0000,0x0000,0x0000,0x0000,0x0000,0x0000,0x0000,0x0000,
0x0000,0x0000,0x0000,0x0000,0x0000,0x0000,0x0000,0x0000,0x0000,0x0000,0x0000,0x0000,
0x0000,0x0000,0x0000,0x0000,0x0000,0x0000,0x0000,0x0000,0x0000,0x0000,0x0000,0x0000,
0x0000,0x0000,0x0000,0x0000,0x0000,0x0000,0x0000,0x0000,0x0000,0x0000,0x0000,0x0000,
0x0000,0x0000,0x0000,0x0000,0x0000,0x0000,0x0000,0x0000,0x0000,0x0000,0x0000,0x0000,
0x0000,0x0000,0x0000,0x0000,0x0000,0x0000,0x0000,0x0000,0x0000,0x0000,0x0000,0x0000,
0x0000,0x0000,0x0000,0x0000,0x0000,0x0000,0x0000,0x0000,0x0000,0x0000,0x0000,0x0000,
0x0000,0x0000,0x0000,0x0000,0x0000,0x0000,0x0000,0x0000,0x0000,0x0000,0x0000,0x0000,
0x0000,0x0000,0x0000,0x0000,0x0000,0x0000,0x0000,0x0000,0x0000,0x0000,0x0000,0x0000,
0x0000,0x0000,0x0000,0x0000,0x0000,0x0000,0x0000,0x0000,0x0000,0x0000,0x0000,0x0000,
0x0000,0x0000,0x0000,0x0000,0x0000,0x0000,0x0000,0x0000,0x0000,0x0000,0x0000,0x0000,
0x0000,0x0000,0x0000,0x0000,0x0000,0x0000,0x0000,0x0000,0x0000,0x0000,0x0000,0x0000,
0x0000,0x0000,0x0000,0x0000,0x0000,0x0000,0x0000,0x0000,0x0000,0x0000,0x0000,0x0000,
0x0000,0x0000,0x0000,0x0000,0x0000,0x0000,0x0000,0x0000,0x0000,0x0000,0x0000,0x0000,
0x0000,0x0000,0x0000,0x0000,0x0000,0x0000,0x0000,0x0000,0x0000,0x0000,0x0000,0x0000,
0x0000,0x0000,0x0000,0x0000,0x0000,0x0000,0x0000,0x0000,0x0000,0x0000,0x0000,0x0000,
0x0000,0x0000,0x0000,0x0000,0x0000,0x0000,0x0000,0x0000,0x0000,0x0000,0x0000,0x0000,
0x0000,0x0000,0x0000,0x0000,0x0000,0x0000,0x0000,0x0000,0x0000,0x0000,0x0000,0x0000,
0x0000,0x0000,0x0000,0x0000,0x0000,0x0000,0x0000,0x0000,0x0000,0x0000,0x0000,0x0000,
0x0000,0x0000,0x0000,0x0000,0x0000,0x0000,0x0000,0x0000,0x0000,0x0000,0x0000,0x0000,
0x0000,0x0000,0x0000,0x0000,0x0000,0x0000,0x0000,0x0000,0x0000,0x0000,0x0000,0x0000,
0x0000,0x0000,0x0000,0x0000,0x0000,0x0000,0x0000,0x0000,0x0000,0x0000,0x0000,0x0000,
0x0000,0x0000,0x0000,0x0000,0x0000,0x0000,0x0000,0x0000,0x0000,0x0000,0x0000,0x0000,
0x0000,0x0000,0x0000,0x0000,0x0000,0x0000,0x0000,0x0000,0x0000,0x0000,0x0000,0x0000,
0x0000,0x0000,0x0000,0x0000,0x0000,0x0000,0x0000,0x0000,0x0000,0x0000,0x0000,0x0000,
0x0000,0x0000,0x0000,0x0000,0x0000,0x0000,0x0000,0x0000,0x0000,0x0000,0x0000,0x0000,
0x0000,0x0000,0x0000,0x0000,0x0000,0x0000,0x0000,0x0000,0x0000,0x0000,0x0000,0x0000,
0x0000,0x0000,0x0000,0x0000,0x0000,0x0000,0x0000,0x0000,0x0000,0x0000,0x0000,0x0000,
0x0000,0x0000,0x0000,0x0000,0x0000,0x0000,0x0000,0x0000,0x0000,0x0000,0x0000,0x0000,
0x0000,0x0000,0x0000,0x0000,0x0000,0x0000,0x0000,0x0000,0x0000,0x0000,0x0000,0x0000,
0x0000,0x0000,0x0000,0x0000,0x0000,0x0000,0x0000,0x0000,0x0000,0x0000,0x0000,0x0000,
0x0000,0x0000,0x0000,0x0000,0x0000,0x0000,0x0000,0x0000,0x0000,0x0000,0x0000,0x0000,
0x0000,0x0000,0x0000,0x0000,0x0000,0x0000,0x0000,0x0000,0x0000,0x0000,0x0000,0x0000,
0x0000,0x0000,0x0000,0x0000,0x0000,0x0000,0x0000,0x0000,0x0000,0x0000,0x0000,0x0000,
0x0000,0x0000,0x0000,0x0000,0x0000,0x0000,0x0000,0x0000,0x0000,0x0000,0x0000,0x0000,
0x0000,0x0000,0x0000,0x0000,0x0000,0x0000,0x0000,0x0000,0x0000,0x0000,0x0000,0x0000,
0x0000,0x0000,0x0000,0x0000,0x0000,0x0000,0x0000,0x0000,0x0000,0x0000,0x0000,0x0000,
0x0000,0x0000,0x0000,0x0000,0x0000,0x0000,0x0000,0x0000,0x0000,0x0000,0x0000,0x0000,
0x0000,0x0000,0x0000,0x0000,0x0000,0x0000,0x0000,0x0000,0x0000,0x0000,0x0000,0x0000,
0x0000,0x0000,0x0000,0x0000,0x0000,0x0000,0x0000,0x0000,0x0000,0x0000,0x0000,0x0000,
0x0000,0x0000,0x0000,0x0000,0x0000,0x0000,0x0000,0x0000,0x0000,0x0000,0x0000,0x0000,
0x0000,0x0000,0x0000,0x0000,0x0000,0x0000,0x0000,0x0000,0x0000,0x0000,0x0000,0x0000,
0x0000,0x0000,0x0000,0x0000,0x0000,0x0000,0x0000,0x0000,0x0000,0x0000,0x0000,0x0000,
0x0000,0x0000,0x0000,0x0000,0x0000,0x0000,0x0000,0x0000,0x0000,0x0000,0x0000,0x0000,
0x0000,0x0000,0x0000,0x0000,0x0000,0x0000,0x0000,0x0000,0x0000,0x0000,0x0000,0x0000,
0x0000,0x0000,0x0000,0x0000,0x0000,0x0000,0x0000,0x0000,0x0000,0x0000,0x0000,0x0000,
0x0000,0x0000,0x0000,0x0000,0x0000,0x0000,0x0000,0x0000,0x0000,0x0000,0xEB5A,0x1084,
0x1084,0x0421,0x0000,0x0000,0x0000,0x0000,0x0000,0x0000,0x0000,0x0000,0x0000,0x0000,
0x0000,0x0000,0x0000,0x0000,0x0000,0x0000,0x0000,0x0000,0x0000,0x0000,0x0000,0x0000,
0x0000,0x0000,0x0000,0x0000,0x0000,0x0000,0x0000,0x0000,0x0000,0x0000,0x0000,0x0000,
0x0000,0x0000,0x0000,0x0000,0x0000,0x0000,0x0000,0x0000,0x0000,0x0000,0x0000,0x0000,
0x0000,0x0000,0x0000,0x0000,0x0000,0x0000,0x0000,0x0000,0x0000,0x0000,0x0000,0x0000,
0x0000,0x0000,0x0000,0x0000,0x0000,0x0000,0x0000,0x0000,0x0000,0x0000,0x0000,0x0000,
0x0000,0x0000,0x0000,0x0000,0x0000,0x0000,0x0000,0x0000,0x0000,0x0000,0x0000,0x0000,
0x0000,0x0000,0x0000,0x0000,0x0000,0x0000,0x0000,0x0000,0x0000,0x0000,0x0000,0x0000,
0x0000,0x0000,0x0000,0x0000,0x0000,0x0000,0x0000,0x0000,0x0000,0x0000,0x0000,0x0000,
0x0000,0x0000,0x0000,0x0000,0x0000,0x0000,0x0000,0x0000,0x0000,0x0000,0x0000,0x0000,
0x0000,0x0000,0x0000,0x0000,0x0000,0x0000,0x0000,0x0000,0x0000,0x0000,0x0000,0x0000,
0x0000,0x0000,0x0000,0x0000,0x0000,0x0000,0x0000,0x0000,0x0000,0x0000,0x0000,0x0000,
0x0000,0x0000,0x0000,0x0000,0x0000,0x0000,0x0000,0x0000,0x0000,0x0000,0x0000,0x0000,
0x0000,0x0000,0x0000,0x0000,0x0000,0x0000,0x0000,0x0000,0x0000,0x0000,0x0000,0x0000,
0x0000,0x0000,0x0000,0x0000,0x2000,0xB29C,0xBEF7,0x9EF7,0xBEF7,0xB29C,0x0000,0x0000,
0x0000,0x0000,0x0000,0x0000,0x0000,0x0000,0x0000,0x0000,0x0000,0x0000,0x0000,0x0000,
0x0000,0x0000,0x0000,0x0000,0x0000,0x0000,0x0000,0x0000,0x0000,0x0000,0x0000,0x0000,
0x0000,0x0000,0x0000,0x0000,0x0000,0x0000,0x0000,0x0000,0x0000,0x0000,0x0000,0x0000,
0x0000,0x0000,0x0000,0x0000,0x0000,0x0000,0x0000,0x0000,0x0000,0x0000,0x0000,0x0000,
0x0000,0x0000,0x0000,0x0000,0x0000,0x0000,0x0000,0x0000,0x0000,0x0000,0x0000,0x0000,
0x0000,0x0000,0x0000,0x0000,0x0000,0x0000,0x0000,0x0000,0x0000,0x0000,0x0000,0x0000,
0x0000,0x0000,0x0000,0x0000,0x0000,0x0000,0x0000,0x0000,0x0000,0x0000,0x0000,0x0000,
0x0000,0x0000,0x0000,0x0000,0x0000,0x0000,0x0000,0x0000,0x0000,0x0000,0x0000,0x0000,
0x0000,0x0000,0x0000,0x0000,0x0000,0x0000,0x0000,0x0000,0x0000,0x0000,0x0000,0x0000,
0x0000,0x0000,0x0000,0x0000,0x0000,0x0000,0x0000,0x0000,0x0000,0x0000,0x0000,0x0000,
0x0000,0x0000,0x0000,0x0000,0x0000,0x0000,0x0000,0x0000,0x0000,0x0000,0x0000,0x0000,
0x0000,0x0000,0x0000,0x0000,0x0000,0x0000,0x0000,0x0000,0x0000,0x0000,0x0000,0x0000,
0x0000,0x0000,0x0000,0x0000,0x0000,0x0000,0x0000,0x0000,0x0000,0x0000,0x0000,0x0000,
0x0000,0x0000,0x0000,0x0000,0x0000,0x0000,0x0000,0x0000,0x0000,0x0000,0x0000,0x8210,
0xD7BD,0xBEF7,0x79CE,0x7194,0xBEF7,0x34A5,0x0000,0x0000,0x0000,0x0000,0x0000,0x0000,
0x0000,0x0000,0x0000,0x0000,0x0000,0x0000,0x0000,0x0000,0x0000,0x0000,0x0000,0x0000,
0x0000,0x0000,0x0000,0x0000,0x0000,0x0000,0x0000,0x0000,0x0000,0x0000,0x0000,0x0000,
0x0000,0x0000,0x0000,0x0000,0x0000,0x0000,0x0000,0x0000,0x0000,0x0000,0x0000,0x0000,
0x0000,0x0000,0x0000,0x0000,0x0000,0x0000,0x0000,0x0000,0x0000,0x0000,0x0000,0x0000,
0x0000,0x0000,0x0000,0x0000,0x0000,0x0000,0x0000,0x0000,0x0000,0x0000,0x0000,0x0000,
0x0000,0x0000,0x0000,0x0000,0x0000,0x0000,0x0000,0x0000,0x0000,0x0000,0x0000,0x0000,
0x0000,0x0000,0x0000,0x0000,0x0000,0x0000,0x0000,0x0000,0x0000,0x0000,0x0000,0x0000,
0x0000,0x0000,0x0000,0x0000,0x0000,0x0000,0x0000,0x0000,0x0000,0x0000,0x0000,0x0000,
0x0000,0x0000,0x0000,0x0000,0x0000,0x0000,0x0000,0x0000,0x0000,0x0000,0x0000,0x0000,
0x0000,0x0000,0x0000,0x0000,0x0000,0x0000,0x0000,0x0000,0x0000,0x0000,0x0000,0x0000,
0x0000,0x0000,0x0000,0x0000,0x0000,0x0000,0x0000,0x0000,0x0000,0x0000,0x0000,0x0000,
0x0000,0x0000,0x0000,0x0000,0x0000,0x0000,0x0000,0x0000,0x0000,0x0000,0x0000,0x0000,
0x0000,0x0000,0x0000,0x0000,0x0000,0x0000,0x0000,0x0000,0x0000,0x0000,0x0000,0x0000,
0x0000,0x0000,0x0000,0x0000,0x0000,0x0000,0x8210,0x79CE,0xBEF7,0x9294,0x4110,0xF7C5,
0xBEF7,0xCB5A,0x0000,0x0000,0x0000,0x0000,0x0000,0x0000,0x0000,0x0000,0x0000,0x0000,
0x0000,0x0000,0x0000,0x0000,0x0000,0x0000,0x0000,0x0000,0x0000,0x0000,0x0000,0x0000,
0x0000,0x0000,0x0000,0x0000,0x0000,0x0000,0x0000,0x0000,0x0000,0x0000,0x0000,0x0000,
0x0000,0x0000,0x0000,0x0000,0x0000,0x0000,0x0000,0x0000,0x0000,0x0000,0x0000,0x0000,
0x0000,0x0000,0x0000,0x0000,0x0000,0x0000,0x0000,0x0000,0x0000,0x0000,0x0000,0x0000,
0x0000,0x0000,0x0000,0x0000,0x0000,0x0000,0x0000,0x0000,0x0000,0x0000,0x0000,0x0000,
0x0000,0x0000,0x0000,0x0000,0x0000,0x0000,0x0000,0x0000,0x0000,0x0000,0x0000,0x0000,
0x0000,0x0000,0x0000,0x0000,0x0000,0x0000,0x0000,0x0000,0x0000,0x0000,0x0000,0x0000,
0x0000,0x0000,0x0000,0x0000,0x0000,0x0000,0x0000,0x0000,0x0000,0x0000,0x0000,0x0000,
0x0000,0x0000,0x0000,0x0000,0x0000,0x0000,0x0000,0x0000,0x0000,0x0000,0x0000,0x0000,
0x0000,0x0000,0x0000,0x0000,0x0000,0x0000,0x0000,0x0000,0x0000,0x0000,0x0000,0x0000,
0x0000,0x0000,0x0000,0x0000,0x0000,0x0000,0x0000,0x0000,0x0000,0x0000,0x0000,0x0000,
0x0000,0x0000,0x0000,0x0000,0x0000,0x0000,0x0000,0x0000,0x0000,0x0000,0x0000,0x0000,
0x0000,0x0000,0x0000,0x0000,0x0000,0x0000,0x0000,0x0000,0x0000,0x0000,0x0000,0x0000,
0x0000,0x2000,0xB6B5,0xBEF7,0xEF8B,0x0010,0x2429,0x9EF7,0xFBDE,0x2000,0x0000,0x0000,
0x0000,0x0000,0x0000,0x0000,0x0000,0x0000,0x0000,0x0000,0x0000,0x0000,0x0000,0x0000,
0x0000,0x0000,0x0000,0x0000,0x0000,0x0000,0x0000,0x0000,0x0000,0x0000,0x0000,0x0000,
0x0000,0x0000,0x0000,0x0000,0x0000,0x0000,0x0000,0x0000,0x0000,0x0000,0x0000,0x0000,
0x0000,0x0000,0x0000,0x0000,0x0000,0x0000,0x0000,0x0000,0x0000,0x0000,0x0000,0x0000,
0x0000,0x0000,0x0000,0x0000,0x0000,0x0000,0x0000,0x0000,0x0000,0x0000,0x0000,0x0000,
0x0000,0x0000,0x0000,0x0000,0x0000,0x0000,0x0000,0x0000,0x0000,0x0000,0x0000,0x0000,
0x0000,0x0000,0x0000,0x0000,0x0000,0x0000,0x0000,0x0000,0x0000,0x0000,0x0000,0x0000,
0x0000,0x0000,0x0000,0x0000,0x0000,0x0000,0x0000,0x0000,0x0000,0x0000,0x0000,0x0000,
0x0000,0x0000,0x0000,0x0000,0x0000,0x0000,0x0000,0x0000,0x0000,0x0000,0x0000,0x0000,
0x0000,0x0000,0x0000,0x0000,0x0000,0x0000,0x0000,0x0000,0x0000,0x0000,0x0000,0x0000,
0x0000,0x0000,0x0000,0x0000,0x0000,0x0000,0x0000,0x0000,0x0000,0x0000,0x0000,0x0000,
0x0000,0x0000,0x0000,0x0000,0x0000,0x0000,0x0000,0x0000,0x0000,0x0000,0x0000,0x0000,
0x0000,0x0000,0x0000,0x0000,0x0000,0x0000,0x0000,0x0000,0x0000,0x0000,0x0000,0x0000,
0x0000,0x0000,0x0000,0x0000,0x0000,0x0000,0x0000,0x0000,0x0000,0x34A5,0xBEF7,0x108C,
0x0180,0x0010,0xEF83,0xBEF7,0xCF7B,0x0000,0x0000,0x0000,0x0000,0x0000,0x0000,0x0000,
0x0000,0x0000,0x0000,0x0000,0x0000,0x0000,0x0000,0x0000,0x0000,0x0000,0x0000,0x0000,
0x0000,0x0000,0x0000,0x0000,0x0000,0x0000,0x0000,0x0000,0x0000,0x0000,0x0000,0x0000,
0x0000,0x0000,0x0000,0x0000,0x0000,0x0000,0x0000,0x0000,0x0000,0x0000,0x0000,0x0000,
0x0000,0x0000,0x0000,0x0000,0x0000,0x0000,0x0000,0x0000,0x0000,0x0000,0x0000,0x0000,
0x0000,0x0000,0x0000,0x0000,0x0000,0x0000,0x0000,0x0000,0x0000,0x0000,0x0000,0x0000,
0x0000,0x0000,0x0000,0x0000,0x0000,0x0000,0x0000,0x0000,0x0000,0x0000,0x0000,0x0000,
0x0000,0x0000,0x0000,0x0000,0x0000,0x0000,0x0000,0x0000,0x0000,0x0000,0x0000,0x0000,
0x0000,0x0000,0x0000,0x0000,0x0000,0x0000,0x0000,0x0000,0x0000,0x0000,0x0000,0x0000,
0x0000,0x0000,0x0000,0x0000,0x0000,0x0000,0x0000,0x0000,0x0000,0x0000,0x0000,0x0000,
0x0000,0x0000,0x0000,0x0000,0x0000,0x0000,0x0000,0x0000,0x0000,0x0000,0x0000,0x0000,
0x0000,0x0000,0x0000,0x0000,0x0000,0x0000,0x0000,0x0000,0x0000,0x0000,0x0000,0x0000,
0x0000,0x0000,0x0000,0x0000,0x0000,0x0000,0x0000,0x0000,0x0000,0x0000,0x0000,0x0000,
0x0000,0x0000,0x0000,0x0000,0x0000,0x0000,0x0000,0x0000,0x0000,0x0000,0x0000,0x0000,
0x0000,0x0000,0x0000,0x0000,0x8E73,0xBEF7,0x14A5,0x0028,0x0180,0x2008,0xBAD6,0x7DEF,
0xA210,0x0000,0x0000,0x0000,0x0000,0x0000,0x0000,0x0000,0x0000,0x0000,0x0000,0x0000,
0x0000,0x0000,0x0000,0x0000,0x0000,0x0000,0x0000,0x0000,0x0000,0x0000,0x0000,0x0000,
0x0000,0x0000,0x0000,0x0000,0x0000,0x0000,0x0000,0x0000,0x0000,0x0000,0x0000,0x0000,
0x0000,0x0000,0x0000,0x0000,0x0000,0x0000,0x0000,0x0000,0x0000,0x0000,0x0000,0x0000,
0x0000,0x0000,0x0000,0x0000,0x0000,0x0000,0x0000,0x0000,0x0000,0x0000,0x0000,0x0000,
0x0000,0x0000,0x0000,0x0000,0x0000,0x0000,0x0000,0x0000,0x0000,0x0000,0x0000,0x0000,
0x0000,0x0000,0x0000,0x0000,0x0000,0x0000,0x0000,0x0000,0x0000,0x0000,0x0000,0x0000,
0x0000,0x0000,0x0000,0x0000,0x0000,0x0000,0x0000,0x0000,0x0000,0x0000,0x0000,0x0000,
0x0000,0x0000,0x0000,0x0000,0x0000,0x0000,0x0000,0x0000,0x0000,0x0000,0x0000,0x0000,
0x0000,0x0000,0x0000,0x0000,0x0000,0x0000,0x0000,0x0000,0x0000,0x0000,0x0000,0x0000,
0x0000,0x0000,0x0000,0x0000,0x0000,0x0000,0x0000,0x0000,0x0000,0x0000,0x0000,0x0000,
0x0000,0x0000,0x0000,0x0000,0x0000,0x0000,0x0000,0x0000,0x0000,0x0000,0x0000,0x0000,
0x0000,0x0000,0x0000,0x0000,0x0000,0x0000,0x0000,0x0000,0x0000,0x0000,0x0000,0x0000,
0x0000,0x0000,0x0000,0x0000,0x0000,0x0000,0x0000,0x0000,0x0000,0x0000,0x0000,0x2421,
0x5DEF,0x3CEF,0xE320,0x0198,0x0020,0xE741,0xBEF7,0x14A5,0x0000,0x0000,0x0000,0x0000,
0x0000,0x0000,0x0000,0x0000,0x0000,0x0000,0x0000,0x0000,0x0000,0x0000,0x0000,0x0000,
0x0000,0x0000,0x0000,0x0000,0x0000,0x0000,0x0000,0x0000,0x0000,0x0000,0x0000,0x0000,
0x0000,0x0000,0x0000,0x0000,0x0000,0x0000,0x0000,0x0000,0x0000,0x0000,0x0000,0x0000,
0x0000,0x0000,0x0000,0x0000,0x0000,0x0000,0x0000,0x0000,0x0000,0x0000,0x0000,0x0000,
0x0000,0x0000,0x0000,0x0000,0x0000,0x0000,0x0000,0x0000,0x0000,0x0000,0x0000,0x0000,
0x0000,0x0000,0x0000,0x0000,0x0000,0x0000,0x0000,0x0000,0x0000,0x0000,0x0000,0x0000,
0x0000,0x0000,0x0000,0x0000,0x0000,0x0000,0x0000,0x0000,0x0000,0x0000,0x0000,0x0000,
0x0000,0x0000,0x0000,0x0000,0x0000,0x0000,0x0000,0x0000,0x0000,0x0000,0x0000,0x0000,
0x0000,0x0000,0x0000,0x0000,0x0000,0x0000,0x0000,0x0000,0x0000,0x0000,0x0000,0x0000,
0x0000,0x0000,0x0000,0x0000,0x0000,0x0000,0x0000,0x0000,0x0000,0x0000,0x0000,0x0000,
0x0000,0x0000,0x0000,0x0000,0x0000,0x0000,0x0000,0x0000,0x0000,0x0000,0x0000,0x0000,
0x0000,0x0000,0x0000,0x0000,0x0000,0x0000,0x0000,0x0000,0x0000,0x0000,0x0000,0x0000,
0x0000,0x0000,0x0000,0x0000,0x0000,0x0000,0x0000,0x0000,0x0000,0x0000,0x0000,0x0000,
0x0000,0x0000,0x0000,0x0000,0x0000,0x0000,0x0000,0xD7BD,0xBEF7,0x0C63,0x0030,0x0198,
0x0008,0xD39C,0xBEF7,0x2842,0x0000,0x0000,0x0000,0x0000,0x0000,0x0000,0x0000,0x0000,
0x0000,0x0000,0x0000,0x0000,0x0000,0x0000,0x0000,0x0000,0x0000,0x0000,0x0000,0x0000,
0x0000,0x0000,0x0000,0x0000,0x0000,0x0000,0x0000,0x0000,0x0000,0x0000,0x0000,0x0000,
0x0000,0x0000,0x0000,0x0000,0x0000,0x0000,0x0000,0x0000,0x0000,0x0000,0x0000,0x0000,
0x0000,0x0000,0x0000,0x0000,0x0000,0x0000,0x0000,0x0000,0x0000,0x0000,0x0000,0x0000,
0x0000,0x0000,0x0000,0x0000,0x0000,0x0000,0x0000,0x0000,0x0000,0x0000,0x0000,0x0000,
0x0000,0x0000,0x0000,0x0000,0x0000,0x0000,0x0000,0x0000,0x0000,0x0000,0x0000,0x0000,
0x0000,0x0000,0x0000,0x0000,0x0000,0x0000,0x0000,0x0000,0x0000,0x0000,0x0000,0x0000,
0x0000,0x0000,0x0000,0x0000,0x0000,0x0000,0x0000,0x0000,0x0000,0x0000,0x0000,0x0000,
0x0000,0x0000,0x0000,0x0000,0x0000,0x0000,0x0000,0x0000,0x0000,0x0000,0x0000,0x0000,
0x0000,0x0000,0x0000,0x0000,0x0000,0x0000,0x0000,0x0000,0x0000,0x0000,0x0000,0x0000,
0x0000,0x0000,0x0000,0x0000,0x0000,0x0000,0x0000,0x0000,0x0000,0x0000,0x0000,0x0000,
0x0000,0x0000,0x0000,0x0000,0x0000,0x0000,0x0000,0x6D73,0xB6B5,0x4D6B,0x0000,0x0000,
0x0000,0x0000,0x0000,0x0000,0x0000,0x0000,0x0000,0x0000,0x0000,0x0000,0x0000,0x0000,
0x0000,0x0000,0xEB62,0xBEF7,0x18C6,0x2008,0x01B0,0x0038,0x6110,0x5DEF,0xFBDE,0x2000,
0x0000,0x0000,0x0000,0x0000,0x0000,0x0000,0x0000,0x0000,0x0000,0x0000,0x0000,0x0000,
0x0000,0x0000,0x0000,0x0000,0x0000,0x0000,0x0000,0x0000,0x0000,0x0000,0x0000,0x0000,
0x0000,0x0000,0x0000,0x0000,0x0000,0x0000,0x0000,0x0000,0x0000,0x0000,0x0000,0x0000,
0x0000,0x0000,0x0000,0x0000,0x0000,0x0000,0x0000,0x0000,0x0000,0x0000,0x0000,0x0000,
0x0000,0x0000,0x0000,0x0000,0x0000,0x0000,0x0000,0x0000,0x0000,0x0000,0x0000,0x0000,
0x0000,0x0000,0x0000,0x0000,0x0000,0x0000,0x0000,0x0000,0x0000,0x0000,0x0000,0x0000,
0x0000,0x0000,0x0000,0x0000,0x0000,0x0000,0x0000,0x0000,0x0000,0x0000,0x0000,0x0000,
0x0000,0x0000,0x0000,0x0000,0x0000,0x0000,0x0000,0x0000,0x0000,0x0000,0x0000,0x0000,
0x0000,0x0000,0x0000,0x0000,0x0000,0x0000,0x0000,0x0000,0x0000,0x0000,0x0000,0x0000,
0x0000,0x0000,0x0000,0x0000,0x0000,0x0000,0x0000,0x0000,0x0000,0x0000,0x0000,0x0000,
0x0000,0x0000,0x0000,0x0000,0x0000,0x0000,0x0000,0x0000,0x0000,0x0000,0x0000,0x0000,
0x0000,0x0000,0x0000,0x0000,0x0000,0x0000,0x0000,0x0000,0x0000,0x0000,0x0000,0x0000,
0x0000,0x0000,0x8E73,0xBEF7,0xBEF7,0xBEF7,0x0421,0x0000,0x0000,0x0000,0x0000,0x0000,
0x0000,0x0000,0x0000,0x0000,0x0000,0x0000,0x0000,0x0000,0x0000,0x0000,0x9AD6,0xBEF7,
0x084A,0x0038,0x01B8,0x0008,0xCB62,0xBEF7,0x308C,0x0000,0x0000,0x0000,0x0000,0x0000,
0x0000,0x0000,0x0000,0x0000,0x0000,0x0000,0x0000,0x0000,0x0000,0x0000,0x0000,0x0000,
0x0000,0x0000,0x0000,0x0000,0x0000,0x0000,0x0000,0x0000,0x0000,0x0000,0x0000,0x0000,
0x0000,0x0000,0x0000,0x0000,0x0000,0x0000,0x0000,0x0000,0x0000,0x0000,0x0000,0x0000,
0x0000,0x0000,0x0000,0x0000,0x0000,0x0000,0x0000,0x0000,0x0000,0x0000,0x0000,0x0000,
0x0000,0x0000,0x0000,0x0000,0x0000,0x0000,0x0000,0x0000,0x0000,0x0000,0x0000,0x0000,
0x0000,0x0000,0x0000,0x0000,0x0000,0x0000,0x0000,0x0000,0x0000,0x0000,0x0000,0x0000,
0x0000,0x0000,0x0000,0x0000,0x0000,0x0000,0x0000,0x0000,0x0000,0xC318,0xE739,0xEB5A,
0x8E73,0x308C,0xD39C,0x75B5,0x96B5,0x18C6,0x18C6,0x18C6,0x38C6,0x75AD,0x7194,0x694A,
0x4108,0x0000,0x0000,0x0000,0x0000,0x0000,0x0000,0x0000,0x0000,0x0000,0x0000,0x0000,
0x0000,0x0000,0x0000,0x0000,0x0000,0x0000,0x0000,0x0000,0x0000,0x0000,0x0000,0x0000,
0x0000,0x0000,0x0000,0x0000,0x0000,0x0000,0x0000,0x0000,0x0000,0x0000,0x0000,0x0000,
0x0000,0x0000,0x0000,0x0000,0x0000,0x0000,0x0000,0x0000,0x0000,0x8A52,0x9EF7,0x14A5,
0x9294,0xBEF7,0xE739,0x0000,0x0000,0x0000,0x0000,0x0000,0x0000,0x0000,0x0000,0x0000,
0x0000,0x0000,0x0000,0x0000,0x0000,0x6952,0xBEF7,0x96B5,0x0008,0x0198,0x0168,0x0008,
0x96B5,0xBEF7,0x8631,0x0000,0x0000,0x0000,0x0000,0x0000,0x0000,0x0000,0x0000,0x0000,
0x0000,0x0000,0x0000,0x0000,0x0000,0x0000,0x0000,0x0000,0x0000,0x0000,0x0000,0x0000,
0x0000,0x0000,0x0000,0x0000,0x0000,0x0000,0x0000,0x0000,0x0000,0x0000,0x0000,0x0000,
0x0000,0x0000,0x0000,0x0000,0x0000,0x0000,0x0000,0x0000,0x0000,0x0000,0x0000,0x0000,
0x0000,0x0000,0x0000,0x0000,0x0000,0x0000,0x0000,0x0000,0x0000,0x0000,0x0000,0x0000,
0x0000,0x0000,0x0000,0x0000,0x0000,0x0000,0x0000,0x0000,0x0000,0x0000,0x0000,0x0000,
0x0000,0x0000,0x0000,0x0000,0x0000,0x0000,0x0000,0x0000,0x0000,0x0000,0x0000,0x4108,
0xA639,0x4D6B,0xF3A4,0x38C6,0x5DEF,0xBEF7,0xBEF7,0xBEF7,0xBEF7,0x9EF7,0xFBDE,0x38CE,
0xB6B5,0x96B5,0x34AD,0xD7BD,0xDBDE,0x9EF7,0xBEF7,0xBEF7,0x3CEF,0xCF7B,0x2000,0x0000,
0x0000,0x0000,0x0000,0x0000,0x0000,0x0000,0x0000,0x0000,0x0000,0x0000,0x0000,0x0000,
0x0000,0x0000,0x0000,0x0000,0x0000,0x0000,0x0000,0x0000,0x0000,0x0000,0x0000,0x0000,
0x0000,0x0000,0x0000,0x0000,0x0000,0x0000,0x0000,0x0000,0x0000,0x0000,0x0000,0x0000,
0x0000,0x0000,0x0000,0x0000,0xA210,0x1CE7,0x9AD6,0x6110,0x308C,0xBEF7,0xE318,0x0000,
0x0000,0x0000,0x0000,0x0000,0x0000,0x0000,0x0000,0x0000,0x0000,0x0000,0x0000,0x0000,
0x0000,0x18C6,0xBEF7,0xA639,0x0018,0x02E0,0x0020,0x6110,0x7DEF,0xDBDE,0x0000,0x0000,
0x0000,0x0000,0x0000,0x0000,0x0000,0x0000,0x0000,0x0000,0x0000,0x0000,0x0000,0x0000,
0x0000,0x0000,0x0000,0x0000,0x0000,0x0000,0x0000,0x0000,0x0000,0x0000,0x0000,0x0000,
0x0000,0x0000,0x0000,0x0000,0x0000,0x0000,0x0000,0x0000,0x0000,0x0000,0x0000,0x0000,
0x0000,0x0000,0x0000,0x0000,0x0000,0x0000,0x0000,0x0000,0x0000,0x0000,0x0000,0x0000,
0x0000,0x0000,0x0000,0x0000,0x0000,0x0000,0x0000,0x0000,0x0000,0x0000,0x0000,0x0000,
0x0000,0x0000,0x0000,0x0000,0x0000,0x0000,0x0000,0x0000,0x0000,0x0000,0x0000,0x0000,
0x0000,0x0000,0x0000,0x2000,0xE741,0x3084,0x18C6,0x7DF7,0xBEF7,0xBEF7,0x7DEF,0x38CE,
0x14A5,0xEF83,0xAA5A,0x8639,0xC320,0x2008,0x0008,0x0008,0x0008,0x0008,0x0008,0x0008,
0x0008,0x6110,0xAA5A,0x14A5,0x5DEF,0xBEF7,0x59CE,0x2421,0x0000,0x0000,0x0000,0x0000,
0x0000,0x0000,0x0000,0x0000,0x0000,0x0000,0x0000,0x0000,0x0000,0x0000,0x0000,0x0000,
0x0000,0x0000,0x0000,0x0000,0x0000,0x0000,0x0000,0x0000,0x0000,0x0000,0x0000,0x0000,
0x0000,0x0000,0x0000,0x0000,0x0000,0x0000,0x0000,0x0000,0x0000,0x0000,0x0000,0x0000,
0xF39C,0x9EF7,0xC749,0x0008,0xF3A4,0x7DF7,0x0000,0x0000,0x0000,0x0000,0x0000,0x0000,
0x0000,0x0000,0x0000,0x0000,0x0000,0x0000,0x0000,0x0000,0x8631,0xBEF7,0xD7BD,0x0008,
0x0170,0x01B0,0x0008,0x6952,0xBEF7,0x9294,0x0000,0x0000,0x0000,0x0000,0x0000,0x0000,
0x0000,0x0000,0x0000,0x0000,0x0000,0x0000,0x0000,0x0000,0x0000,0x0000,0x0000,0x0000,
0x0000,0x0000,0x0000,0x0000,0x0000,0x0000,0x0000,0x0000,0x0000,0x0000,0x0000,0x0000,
0x0000,0x0000,0x0000,0x0000,0x0000,0x0000,0x0000,0x0000,0x0000,0x0000,0x0000,0x0000,
0x0000,0x0000,0x0000,0x0000,0x0000,0x0000,0x0000,0x0000,0x0000,0x0000,0x0000,0x0000,
0x0000,0x0000,0x0000,0x0000,0x0000,0x0000,0x0000,0x0000,0x0000,0x0000,0x0000,0x0000,
0x0000,0x0000,0x0000,0x0000,0x0000,0x0000,0x0000,0x0000,0x8210,0x0C63,0x55AD,0x5DEF,
0xBEF7,0xBEF7,0xDBDE,0x14A5,0x6D73,0xC739,0x4110,0x0008,0x0008,0x0008,0x0008,0x0008,
0x0008,0x0008,0x0008,0x0008,0x0008,0x0008,0x0008,0x0008,0x0008,0x0008,0x0008,0x0008,
0xC320,0x518C,0x5DEF,0xDBDE,0x0421,0x0000,0x0000,0x0000,0x0000,0x0000,0x0000,0x0000,
0x0000,0x0000,0x0000,0x0000,0x0000,0x0000,0x0000,0x0000,0x0000,0x0000,0x0000,0x0000,
0x0000,0x0000,0x0000,0x0000,0x0000,0x0000,0x0000,0x0000,0x0000,0x0000,0x0000,0x0000,
0x0000,0x0000,0x0000,0x0000,0x0000,0x0000,0x0000,0x2421,0x9EF7,0x14A5,0x0048,0x0008,
0xD7BD,0x9AD6,0x0000,0x0000,0x0000,0x0000,0x0000,0x0000,0x0000,0x0000,0x0000,0x0000,
0x0000,0x0000,0x0000,0x0000,0x1084,0xBEF7,0x8A52,0x0008,0x01D0,0x0160,0x0008,0xB29C,
0xBEF7,0x2842,0x0000,0x0000,0x0000,0x0000,0x0000,0x0000,0x0000,0x0000,0x0000,0x0000,
0x0000,0x0000,0x0000,0x0000,0x0000,0x0000,0x0000,0x0000,0x0000,0x0000,0x0000,0x0000,
0x0000,0x0000,0x0000,0x0000,0x0000,0x0000,0x0000,0x0000,0x0000,0x0000,0x0000,0x0000,
0x0000,0x0000,0x0000,0x0000,0x0000,0x0000,0x0000,0x0000,0x0000,0x0000,0x0000,0x0000,
0x0000,0x0000,0x0000,0x0000,0x0000,0x0000,0x0000,0x0000,0x0000,0x0000,0x0000,0x0000,
0x0000,0x0000,0x0000,0x0000,0x0000,0x0000,0x0000,0x0000,0x0000,0x0000,0x0000,0x0000,
0x0000,0x4108,0xAA52,0x55AD,0x7DF7,0xBEF7,0x7DF7,0xB6BD,0x8E73,0x4531,0x0008,0x0008,
0x0008,0x0008,0x0008,0x0008,0x2008,0x2429,0x284A,0x0C6B,0x8E7B,0x1094,0x5194,0x5194,
0x5194,0x5194,0xAE83,0x2C73,0x695A,0x6531,0x4110,0x0008,0x0008,0x0008,0x284A,0xBEF7,
0x59CE,0x0000,0x0000,0x0000,0x0000,0x0000,0x0000,0x0000,0x0000,0x0000,0x0000,0x0000,
0x0000,0x0000,0x0000,0x0000,0x0000,0x0000,0x0000,0x0000,0x0000,0x0000,0x0000,0x0000,
0x0000,0x0000,0x0000,0x0000,0x0000,0x0000,0x0000,0x0000,0x0000,0x0000,0x0000,0x0000,
0x0000,0x0000,0x0000,0x9294,0xBEF7,0x4531,0x0178,0x0008,0x79CE,0x38C6,0x0000,0x0000,
0x0000,0x0000,0x0000,0x0000,0x0000,0x0000,0x0000,0x0000,0x0000,0x0000,0x0000,0x0000,
0x9AD6,0x9AD6,0x2008,0x0048,0x02E8,0x0018,0x0008,0x9AD6,0x7DEF,0x4108,0x0000,0x0000,
0x0000,0x0000,0x0000,0x0000,0x0000,0x0000,0x0000,0x0000,0x0000,0x0000,0x0000,0x0000,
0x0000,0x0000,0x0000,0x0000,0x0000,0x0000,0x0000,0x0000,0x0000,0x0000,0x0000,0x0000,
0x0000,0x0000,0x0000,0x0000,0x0000,0x0000,0x0000,0x0000,0x0000,0x0000,0x0000,0x0000,
0x0000,0x0000,0x0000,0x0000,0x0000,0x0000,0x0000,0x0000,0x0000,0x0000,0x0000,0x0000,
0x0000,0x0000,0x0000,0x0000,0x0000,0x0000,0x0000,0x0000,0x0000,0x0000,0x0000,0x0000,
0x0000,0x0000,0x0000,0x0000,0x0000,0x0000,0x0000,0x2421,0x718C,0x3CEF,0xBEF7,0x9EF7,
0x75B5,0xCB5A,0x8218,0x0008,0x0008,0x0008,0x0008,0x0008,0x6110,0x2852,0xEF8B,0x96BD,
0xFBEE,0xDBF6,0x35DD,0x31CC,0xAFC3,0x2DBB,0xCBBA,0x0DC3,0x2DBB,0x2DBB,0xCFC3,0x92CC,
0x76DD,0xDBEE,0x1CF7,0x719C,0x0008,0x0008,0x0008,0x75B5,0xBEF7,0x4529,0x0000,0x0000,
0x0000,0x0000,0x0000,0x0000,0x0000,0x0000,0x0000,0x0000,0x0000,0x0000,0x0000,0x0000,
0x0000,0x0000,0x0000,0x0000,0x0000,0x0000,0x0000,0x0000,0x0000,0x0000,0x0000,0x0000,
0x0000,0x0000,0x0000,0x0000,0x0000,0x0000,0x0000,0x0000,0x0000,0x0000,0x2000,0x5DEF,
0xFBE6,0x0020,0x0178,0x0008,0x9AD6,0xD7BD,0x0000,0x0000,0x0000,0x0000,0x0000,0x0000,
0x0000,0x0000,0x0000,0x0000,0x0000,0x0000,0x0000,0x6529,0xBEF7,0xCF83,0x0008,0x0190,
0x01C0,0x0008,0xE320,0xBEF7,0xD7BD,0x0000,0x0000,0x0000,0x0000,0x0000,0x0000,0x0000,
0x0000,0x0000,0x0000,0x0000,0x0000,0x0000,0x0000,0x0000,0x0000,0x0000,0x0000,0x0000,
0x0000,0x0000,0x0000,0x0000,0x0000,0x0000,0x0000,0x0000,0x0000,0x0000,0x0000,0x0000,
0x0000,0x0000,0x0000,0x0000,0x0000,0x0000,0x0000,0x0000,0x0000,0x0000,0x0000,0x0000,
0x0000,0x0000,0x0000,0x0000,0x0000,0x0000,0x0000,0x0000,0x0000,0x0000,0x0000,0x0000,
0x0000,0x0000,0x0000,0x0000,0x0000,0x0000,0x0000,0x0000,0x0000,0x0000,0x0000,0x0000,
0x0000,0x494A,0x96B5,0x9EF7,0xBEF7,0x38CE,0x4D73,0xC318,0x0008,0x0008,0x0008,0x0008,
0x0008,0x6110,0xAA62,0x92AC,0x51C4,0xABBA,0x87B9,0xA4C0,0x42D0,0x02E8,0x02F0,0x02F0,
0x02F0,0x02F0,0x63F0,0x8BF2,0xB3F4,0xD0F3,0x02F0,0x02F0,0x02F0,0x02E8,0x22D8,0x83B8,
0x0008,0x0008,0x0008,0xCB5A,0xBEF7,0xEB5A,0x0000,0x0000,0x0000,0x0000,0x0000,0x0000,
0x0000,0x0000,0x0000,0x0000,0x0000,0x0000,0x0000,0x0000,0x0000,0x0000,0x0000,0x0000,
0x0000,0x0000,0x0000,0x0000,0x0000,0x0000,0x0000,0x0000,0x0000,0x0000,0x0000,0x0000,
0x0000,0x0000,0x0000,0x0000,0x0000,0x0000,0xE741,0xBEF7,0x34AD,0x0048,0x0168,0x0008,
0xDBDE,0x55AD,0x0000,0x0000,0x0000,0x0000,0x0000,0x0000,0x0000,0x0000,0x0000,0x0000,
0x0000,0x0000,0x0000,0xEF7B,0xBEF7,0x2429,0x0008,0x01D0,0x0188,0x0008,0xCB5A,0xBEF7,
0xEF7B,0x0000,0x0000,0x0000,0x0000,0x0000,0x0000,0x0000,0x0000,0x0000,0x0000,0x0000,
0x0000,0x0000,0x0000,0x0000,0x0000,0x0000,0x0000,0x0000,0x0000,0x0000,0x0000,0x0000,
0x0000,0x0000,0x0000,0x0000,0x0000,0x0000,0x0000,0x0000,0x0000,0x0000,0x0000,0x0000,
0x0000,0x0000,0x0000,0x0000,0x0000,0x0000,0x0000,0x0000,0x0000,0x0000,0x0000,0x0000,
0x0000,0x0000,0x0000,0x0000,0x0000,0x0000,0x0000,0x0000,0x0000,0x0000,0x0000,0x0000,
0x0000,0x0000,0x0000,0x0000,0x0000,0x0000,0x0000,0x8A52,0x59CE,0xBEF7,0x9EF7,0x55AD,
0x084A,0x0008,0x0008,0x0008,0x0008,0x0008,0x0008,0x2030,0xA380,0xE4B0,0x42C8,0x02E8,
0x02F0,0x02F0,0x02E8,0x01B8,0x01B8,0x02E8,0x02F0,0x02F0,0x46F1,0x92F4,0x3DFF,0x9EFF,
0x7DFF,0x6BF2,0x02F0,0x02F0,0x02F0,0x02F0,0x02F0,0x01B8,0x0008,0x0008,0x0008,0x8639,
0xBEF7,0xCF7B,0x0000,0x0000,0x0000,0x0000,0x0000,0x0000,0x0000,0x0000,0x0000,0x0000,
0x0000,0x0000,0x0000,0x0000,0x0000,0x0000,0x0000,0x0000,0x0000,0x0000,0x0000,0x0000,
0x0000,0x0000,0x0000,0x0000,0x0000,0x0000,0x0000,0x0000,0x0000,0x0000,0x0000,0x0000,
0x0000,0x0000,0x1084,0xBEF7,0x6D73,0x0180,0x0160,0x0008,0x1CE7,0x55AD,0x0000,0x0000,
0x0000,0x0000,0x0000,0x0000,0x0000,0x0000,0x0000,0x0000,0x0000,0x0000,0x0000,0x79D6,
0x18C6,0x0008,0x0038,0x02E8,0x0050,0x0008,0x7194,0xBEF7,0x0842,0x0000,0x0000,0x0000,
0x0000,0x0000,0x0000,0x0000,0x0000,0x0000,0x0000,0x0000,0x0000,0x0000,0x0000,0x0000,
0x0000,0x0000,0x0000,0x0000,0x0000,0x0000,0x0000,0x0000,0x0000,0x0000,0x0000,0x0000,
0x0000,0x0000,0x0000,0x0000,0x0000,0x0000,0x0000,0x0000,0x0000,0x0000,0x0000,0x0000,
0x0000,0x0000,0x0000,0x0000,0x0000,0x0000,0x0000,0x0000,0x0000,0x0000,0x0000,0x0000,
0x0000,0x0000,0x0000,0x0000,0x0000,0x0000,0x0000,0x0000,0x0000,0x0000,0x0000,0x0000,
0x0000,0x6952,0x59CE,0xBEF7,0x5DEF,0x108C,0xE320,0x0008,0x0008,0x0008,0x0008,0x0008,
0x0008,0x0150,0x01B8,0x02F0,0x02F0,0x02F0,0x02F0,0x02E0,0x01A0,0x0058,0x0020,0x0060,
0x01C0,0x02F0,0xE5F0,0xB3F4,0x7DFF,0x9EFF,0x9EFF,0x7DFF,0xECF2,0x02F0,0x02F0,0x02F0,
0x02F0,0x02F0,0x02F0,0x0180,0x0008,0x0008,0x0008,0x4531,0xBEF7,0x1084,0x0000,0x0000,
0x0000,0x0000,0x0000,0x0000,0x0000,0x0000,0x0000,0x0000,0x0000,0x0000,0x0000,0x0000,
0x0000,0x0000,0x0000,0x0000,0x0000,0x0000,0x0000,0x0000,0x0000,0x0000,0x0000,0x0000,
0x0000,0x0000,0x0000,0x0000,0x0000,0x0000,0x0000,0x0000,0x0000,0x0000,0x75B5,0xBEF7,
0x084A,0x01B0,0x0158,0x0008,0xDBDE,0x75B5,0x0000,0x0000,0x0000,0x0000,0x0000,0x0000,
0x0000,0x0000,0x0000,0x0000,0x0000,0x0000,0x0421,0xBEF7,0xAE7B,0x0008,0x0178,0x02E8,
0x0018,0x0008,0xF7BD,0x9EF7,0x6108,0x0000,0x0000,0x0000,0x0000,0x0000,0x0000,0x0000,
0x0000,0x0000,0x0000,0x0000,0x0000,0x0000,0x0000,0x0000,0x0000,0x0000,0x0000,0x0000,
0x0000,0x0000,0x0000,0x0000,0x0000,0x0000,0x0000,0x0000,0x0000,0x0000,0x0000,0x0000,
0x0000,0x0000,0x0000,0x0000,0x0000,0x0000,0x0000,0x0000,0x0000,0x0000,0x0000,0x0000,
0x0000,0x0000,0x0000,0x0000,0x0000,0x0000,0x0000,0x0000,0x0000,0x0000,0x0000,0x0000,
0x0000,0x0000,0x0000,0x0000,0x0000,0x0000,0x0000,0x4529,0xF7BD,0xBEF7,0x5DEF,0x308C,
0xA218,0x0008,0x0008,0x0008,0x0008,0x0008,0x0018,0x0168,0x02D0,0x02F0,0x02F0,0x02F0,
0x02E0,0x0190,0x0040,0x0008,0x0040,0x01A0,0x02E8,0x02F0,0x02F0,0xECF2,0x1CFF,0x9EFF,
0x9EFF,0x9EFF,0xBBFE,0xE9F1,0x02F0,0x02F0,0x02F0,0x02F0,0x02F0,0x02F0,0x02F0,0x0030,
0x0008,0x0008,0x0008,0x494A,0xBEF7,0x8E73,0x0000,0x0000,0x0000,0x0000,0x0000,0x0000,
0x0000,0x0000,0x0000,0x0000,0x0000,0x0000,0x0000,0x0000,0x0000,0x0000,0x0000,0x0000,
0x0000,0x0000,0x0000,0x0000,0x0000,0x0000,0x0000,0x0000,0x0000,0x0000,0x0000,0x0000,
0x0000,0x0000,0x0000,0x0000,0x0000,0x0000,0x9AD6,0xBEF7,0xE320,0x01C8,0x0160,0x0008,
0x79D6,0xB6B5,0x0000,0x0000,0x0000,0x0000,0x0000,0x0000,0x0000,0x0000,0x0000,0x0000,
0x0000,0x0000,0xEB62,0xBEF7,0x6531,0x0008,0x01B8,0x01C8,0x0008,0x2008,0x5DEF,0x79D6,
0x0000,0x0000,0x0000,0x0000,0x0000,0x0000,0x0000,0x0000,0x0000,0x0000,0x0000,0x0000,
0x0000,0x0000,0x0000,0x0000,0x0000,0x0000,0x0000,0x0000,0x0000,0x0000,0x0000,0x0000,
0x0000,0x0000,0x0000,0x0000,0x0000,0x0000,0x0000,0x0000,0x0000,0x0000,0x0000,0x0000,
0x0000,0x0000,0x0000,0x0000,0x0000,0x0000,0x0000,0x0000,0x0000,0x0000,0x0000,0x0000,
0x0000,0x0000,0x0000,0x0000,0x0000,0x0000,0x0000,0x0000,0x0000,0x0000,0x0000,0x0000,
0x0000,0x4108,0xCF7B,0x7DEF,0x7DEF,0x518C,0xC320,0x0008,0x0008,0x0008,0x0008,0x0008,
0x0028,0x0190,0x02E0,0x02F0,0x02F0,0x02F0,0x01C0,0x0060,0x0010,0x0008,0x0048,0x01B8,
0x02F0,0x02F0,0x02F0,0x02F0,0xECF2,0x9EFF,0x9EFF,0x9EFF,0xBBFE,0x8FF3,0x63F0,0x02F0,
0x02F0,0x02F0,0x02F0,0x02F0,0x02F0,0x02F0,0x01B8,0x0008,0x0008,0x0008,0x0008,0x7194,
0xBEF7,0xE739,0x0000,0x0000,0x0000,0x0000,0x0000,0x0000,0x0000,0x0000,0x0000,0x0000,
0x0000,0x0000,0x0000,0x0000,0x0000,0x0000,0x0000,0x0000,0x0000,0x0000,0x0000,0x0000,
0x0000,0x0000,0x0000,0x0000,0x0000,0x0000,0x0000,0x0000,0x0000,0x0000,0x0000,0x0000,
0x0000,0x0000,0x7DF7,0x5DEF,0x2008,0x01D0,0x0170,0x0008,0x38C6,0xF7C5,0x0000,0x0000,
0x0000,0x0000,0x0000,0x0000,0x0000,0x0000,0x0000,0x0000,0x0000,0x0000,0xF39C,0xFBDE,
0x2008,0x0010,0x02E8,0x01A0,0x0008,0x2429,0xBEF7,0x14A5,0x0000,0x0000,0x0000,0x0000,
0x0000,0x0000,0x0000,0x0000,0x0000,0x0000,0x0000,0x0000,0x0000,0x0000,0x0000,0x0000,
0x0000,0x0000,0x0000,0x0000,0x0000,0x0000,0x0000,0x0000,0x0000,0x0000,0x0000,0x0000,
0x0000,0x0000,0x0000,0x0000,0x0000,0x0000,0x0000,0x0000,0x0000,0x0000,0x0000,0x0000,
0x0000,0x0000,0x0000,0x0000,0x0000,0x0000,0x0000,0x0000,0x0000,0x0000,0x0000,0x0000,
0x0000,0x0000,0x0000,0x0000,0x0000,0x0000,0x0000,0x0000,0x0842,0x9AD6,0xBEF7,0x75B5,
0x2429,0x0008,0x0008,0x0008,0x0008,0x0008,0x0020,0x0190,0x02E8,0x02F0,0x02F0,0x02E8,
0x0198,0x0030,0x0008,0x0008,0x0050,0x01C0,0x02F0,0x02F0,0x02F0,0xC8F1,0x0DF3,0x2AF2,
0x4AF2,0x11F4,0x0DF3,0x87F1,0x02F0,0x02F0,0x02F0,0x02F0,0x02F0,0x02F0,0x02F0,0x02F0,
0x02F0,0x02E8,0x0040,0x0008,0x0008,0x0008,0x4110,0x1CE7,0x3CEF,0x2000,0x0000,0x0000,
0x0000,0x0000,0x0000,0x0000,0x0000,0x0000,0x0000,0x0000,0x0000,0x0000,0x0000,0x0000,
0x0000,0x0000,0x0000,0x0000,0x0000,0x0000,0x0000,0x0000,0x0000,0x0000,0x0000,0x0000,
0x0000,0x0000,0x0000,0x0000,0x0000,0x0000,0x0000,0x0000,0x0000,0x6108,0xBEF7,0x9AD6,
0x0008,0x02E0,0x0188,0x0008,0xB6B5,0xDBDE,0x0000,0x0000,0x0000,0x0000,0x0000,0x0000,
0x0000,0x0000,0x0000,0x0000,0x0000,0x0000,0xDBDE,0xF3A4,0x0008,0x0030,0x02E8,0x0178,
0x0008,0x4952,0xBEF7,0xAE73,0x0000,0x0000,0x0000,0x0000,0x0000,0x0000,0x0000,0x0000,
0x0000,0x0000,0x0000,0x0000,0x0000,0x0000,0x0000,0x0000,0x0000,0x0000,0x0000,0x0000,
0x0000,0x0000,0x0000,0x0000,0x0000,0x0000,0x0000,0x0000,0x0000,0x0000,0x0000,0x0000,
0x0000,0x0000,0x0000,0x0000,0x0000,0x0000,0x0000,0x0000,0x0000,0x0000,0x0000,0x0000,
0x0000,0x0000,0x0000,0x0000,0x0000,0x0000,0x0000,0x0000,0x0000,0x0000,0x0000,0x0000,
0x0000,0x0000,0x6108,0xD39C,0xBEF7,0x9AD6,0x6952,0x0008,0x0008,0x0008,0x0008,0x0008,
0x0018,0x0180,0x02E8,0x02F0,0x02F0,0x02E8,0x0198,0x0028,0x0008,0x0008,0x0030,0x01B8,
0x02F0,0x02F0,0x02F0,0x22F0,0x11F4,0x5DFF,0x7DFF,0xCCF2,0x02F0,0x02F0,0x02F0,0x02F0,
0x02F0,0x02F0,0x02F0,0x02F0,0x02F0,0x02F0,0x02F0,0x02F0,0x02F0,0x0190,0x0008,0x0008,
0x0008,0x0008,0x8A52,0xBEF7,0x14A5,0x0000,0x0000,0x0000,0x0000,0x0000,0x0000,0x0000,
0x0000,0x0000,0x0000,0x0000,0x0000,0x0000,0x0000,0x0000,0x0000,0x0000,0x0000,0x0000,
0x0000,0x0000,0x0000,0x0000,0x0000,0x0000,0x0000,0x0000,0x0000,0x0000,0x0000,0x0000,
0x0000,0x0000,0x0000,0x0000,0x0000,0xE318,0xBEF7,0x18C6,0x0008,0x01D0,0x01A0,0x0008,
0xB29C,0x9EF7,0x0000,0x0000,0x0000,0x0000,0x0000,0x0000,0x0000,0x0000,0x0000,0x0000,
0x0000,0x0421,0xBEF7,0x4D73,0x0008,0x0160,0x02E8,0x0158,0x0008,0x6D73,0xBEF7,0x494A,
0x0000,0x0000,0x0000,0x0000,0x0000,0x0000,0x0000,0x0000,0x0000,0x0000,0x0000,0x0000,
0x0000,0x0000,0x0000,0x0000,0x0000,0x0000,0x0000,0x0000,0x0000,0x0000,0x0000,0x0000,
0x0000,0x0000,0x0000,0x0000,0x0000,0x0000,0x0000,0x0000,0x0000,0x0000,0x0000,0x0000,
0x0000,0x0000,0x0000,0x0000,0x0000,0x0000,0x0000,0x0000,0x0000,0x0000,0x0000,0x0000,
0x0000,0x0000,0x0000,0x0000,0x0000,0x0000,0x0000,0x0000,0x0000,0xC739,0xBAD6,0x9EF7,
0x308C,0x4110,0x0008,0x0008,0x0008,0x0008,0x0018,0x0180,0x02E0,0x02F0,0x02F0,0x02E8,
0x0188,0x0020,0x0008,0x0008,0x0018,0x0190,0x02E8,0x02F0,0x02F0,0x02F0,0x02F0,0xECF2,
0x7DFF,0x3DFF,0x11F4,0x02F0,0x02F0,0x02F0,0x02F0,0x02F0,0x02F0,0x02F0,0x02F0,0x02F0,
0x02F0,0x02F0,0x02F0,0x02F0,0x02C0,0x0010,0x0008,0x0008,0x0008,0x0008,0x18C6,0xBEF7,
0x694A,0x0000,0x0000,0x0000,0x0000,0x0000,0x0000,0x0000,0x0000,0x0000,0x0000,0x0000,
0x0000,0x0000,0x0000,0x0000,0x0000,0x0000,0x0000,0x0000,0x0000,0x0000,0x0000,0x0000,
0x0000,0x0000,0x0000,0x0000,0x0000,0x0000,0x0000,0x0000,0x0000,0x0000,0x0000,0x0000,
0x0000,0x4529,0xBEF7,0x96B5,0x0008,0x01B8,0x01B8,0x0008,0xCF83,0xBEF7,0xC318,0x0000,
0x0000,0x0000,0x0000,0x0000,0x0000,0x0000,0x0000,0x0000,0x0000,0x0C63,0xBEF7,0xC741,
0x0008,0x0188,0x02E8,0x0030,0x0008,0x9294,0xBEF7,0x2429,0x0000,0x0000,0x0000,0x0000,
0x0000,0x0000,0x0000,0x0000,0x0000,0x0000,0x0000,0x0000,0x0000,0x0000,0x0000,0x0000,
0x0000,0x0000,0x0000,0x0000,0x0000,0x0000,0x0000,0x0000,0x0000,0x0000,0x0000,0x0000,
0x0000,0x0000,0x0000,0x0000,0x0000,0x0000,0x0000,0x0000,0x0000,0x0000,0x0000,0x0000,
0x0000,0x0000,0x0000,0x0000,0x0000,0x0000,0x0000,0x0000,0x0000,0x0000,0x0000,0x0000,
0x0000,0x0000,0x0000,0x2000,0x1084,0x9EF7,0xDBDE,0x084A,0x0008,0x0008,0x0008,0x0008,
0x0008,0x0150,0x02D8,0x02F0,0x02F0,0x02F0,0x01A8,0x0028,0x0008,0x0008,0x0008,0x0050,
0x02D8,0x02F0,0x02F0,0x02F0,0x02F0,0x02F0,0x02F0,0x43F0,0xE5F0,0x63F0,0x02F0,0x02F0,
0x02F0,0x02F0,0x02F0,0x02F0,0x02F0,0x02F0,0x02F0,0x02F0,0x02F0,0x02F0,0x02F0,0x02D0,
0x0020,0x0008,0x0008,0x0008,0x0008,0x494A,0xBEF7,0xDBDE,0x2000,0x0000,0x0000,0x0000,
0x0000,0x0000,0x0000,0x0000,0x0000,0x0000,0x0000,0x0000,0x0000,0x0000,0x0000,0x0000,
0x0000,0x0000,0x0000,0x0000,0x0000,0x0000,0x0000,0x0000,0x0000,0x0000,0x0000,0x0000,
0x0000,0x0000,0x0000,0x0000,0x0000,0x0000,0x0000,0x0000,0x0000,0x6529,0xBEF7,0x34AD,
0x0008,0x01A0,0x02D8,0x0008,0xEB62,0xBEF7,0x0842,0x0000,0x0000,0x0000,0x0000,0x0000,
0x0000,0x0000,0x0000,0x0000,0x0000,0x9294,0x9EF7,0x6110,0x0008,0x01B0,0x02E8,0x0010,
0x0008,0x75B5,0x9EF7,0x4108,0x0000,0x0000,0x0000,0x0000,0x0000,0x0000,0x0000,0x0000,
0x0000,0x0000,0x0000,0x0000,0x0000,0x0000,0x0000,0x0000,0x0000,0x0000,0x0000,0x0000,
0x0000,0x0000,0x0000,0x0000,0x0000,0x0000,0x0000,0x0000,0x0000,0x0000,0x0000,0x0000,
0x0000,0x0000,0x0000,0x0000,0x0000,0x0000,0x0000,0x0000,0x0000,0x0000,0x0000,0x0000,
0x0000,0x0000,0x0000,0x0000,0x0000,0x0000,0x0000,0x0000,0x0000,0x0000,0x4529,0x38CE,
0xBEF7,0x14A5,0x8218,0x0008,0x0008,0x0008,0x0008,0x0028,0x01B0,0x02F0,0x02F0,0x02F0,
0x02D0,0x0050,0x0008,0x0008,0x0008,0x0010,0x0190,0x02F0,0x02F0,0x02F0,0x02F0,0x02F0,
0x02F0,0x02F0,0x02F0,0x02F0,0x02F0,0x02F0,0x02F0,0x02F0,0x02F0,0x02F0,0x02F0,0x02F0,
0x02F0,0x02F0,0x02F0,0x02F0,0x02F0,0x02F0,0x02D8,0x0028,0x0008,0x0008,0x0008,0x0008,
0x2008,0x38CE,0x9EF7,0xC739,0x0000,0x0000,0x0000,0x0000,0x0000,0x0000,0x0000,0x0000,
0x0000,0x0000,0x0000,0x0000,0x0000,0x0000,0x0000,0x0000,0x0000,0x0000,0x0000,0x0000,
0x0000,0x0000,0x0000,0x0000,0x0000,0x0000,0x0000,0x0000,0x0000,0x0000,0x0000,0x0000,
0x0000,0x0000,0x0000,0x0000,0x0000,0x4529,0xBEF7,0x55AD,0x0008,0x0188,0x02E8,0x0020,
0x8631,0xBEF7,0x8E73,0x0000,0x0000,0x0000,0x0000,0x0000,0x0000,0x0000,0x0000,0x0000,
0x0000,0xF7C5,0xBAD6,0x0008,0x0008,0x01D0,0x02E0,0x0008,0x0008,0x38C6,0xFBE6,0x0000,
0x0000,0x0000,0x0000,0x0000,0x0000,0x0000,0x0000,0x0000,0x0000,0x0000,0x0000,0x0000,
0x0000,0x0000,0x0000,0x0000,0x0000,0x0000,0x0000,0x0000,0x0000,0x0000,0x0000,0x0000,
0x0000,0x0000,0x0000,0x0000,0x0000,0x0000,0x0000,0x0000,0x0000,0x0000,0x0000,0x0000,
0x0000,0x0000,0x0000,0x0000,0x0000,0x0000,0x0000,0x0000,0x0000,0x0000,0x0000,0x0000,
0x0000,0x0000,0x0000,0x0000,0x0000,0xAA5A,0x5DEF,0x5DEF,0xCB5A,0x0008,0x0008,0x0008,
0x0008,0x0010,0x0170,0x02E8,0x02F0,0x02F0,0x02E8,0x0178,0x0010,0x0008,0x0008,0x0008,
0x0040,0x02D0,0x02F0,0x02F0,0x02F0,0x02F0,0x02F0,0x02F0,0x02F0,0x02F0,0x02F0,0x02F0,
0x02F0,0x02F0,0x02F0,0x02F0,0x02F0,0x02F0,0x02F0,0x02F0,0x02F0,0x02F0,0x02F0,0x02F0,
0x02F0,0x02D0,0x0028,0x0008,0x0008,0x0008,0x0008,0x0008,0xAE7B,0xBEF7,0x6D73,0x0000,
0x0000,0x0000,0x0000,0x0000,0x0000,0x0000,0x0000,0x0000,0x0000,0x0000,0x0000,0x0000,
0x0000,0x0000,0x0000,0x0000,0x0000,0x0000,0x0000,0x0000,0x0000,0x0000,0x0000,0x0000,
0x0000,0x0000,0x0000,0x0000,0x0000,0x0000,0x0000,0x0000,0x0000,0x0000,0x0000,0x0000,
0x0000,0x2421,0xBEF7,0x96B5,0x0008,0x0168,0x02E8,0x0048,0x4110,0x7DEF,0xF3A4,0x0000,
0x0000,0x0000,0x0000,0x0000,0x0000,0x0000,0x0000,0x0000,0x0000,0x5DEF,0xB6BD,0x0008,
0x0008,0x02E0,0x01D0,0x0008,0x0008,0xFBDE,0x18C6,0x0000,0x0000,0x0000,0x0000,0x0000,
0x0000,0x0000,0x0000,0x0000,0x0000,0x0000,0x0000,0x0000,0x0000,0x0000,0x0000,0x0000,
0x0000,0x0000,0x0000,0x0000,0x0000,0x0000,0x0000,0x0000,0x0000,0x0000,0x0000,0x0000,
0x0000,0x0000,0x0000,0x0000,0x0000,0x0000,0x0000,0x0000,0x0000,0x0000,0x0000,0x0000,
0x0000,0x0000,0x0000,0x0000,0x0000,0x0000,0x0000,0x0000,0x0000,0x0000,0x0000,0x2000,
0x9294,0xBEF7,0x79CE,0x4531,0x0008,0x0008,0x0008,0x0008,0x0040,0x01C8,0x02F0,0x02F0,
0x02F0,0x02D0,0x0040,0x0008,0x0008,0x0008,0x0008,0x0060,0x02E8,0x02F0,0x02F0,0x02F0,
0x02F0,0x02F0,0x02F0,0x02F0,0x02F0,0x02F0,0x02F0,0x02F0,0x02F0,0x02F0,0x02F0,0x02F0,
0x02F0,0x02F0,0x02F0,0x02F0,0x02F0,0x02F0,0x02F0,0x02F0,0x01C0,0x0020,0x0008,0x0008,
0x0008,0x0008,0x0008,0x6531,0x7DEF,0x96B5,0x0000,0x0000,0x0000,0x0000,0x0000,0x0000,
0x0000,0x0000,0x0000,0x0000,0x0000,0x0000,0x0000,0x0000,0x0000,0x0000,0x0000,0x0000,
0x0000,0x0000,0x0000,0x0000,0x0000,0x0000,0x0000,0x0000,0x0000,0x0000,0x0000,0x0000,
0x0000,0x0000,0x0000,0x0000,0x0000,0x0000,0x0000,0x0000,0x0000,0x8210,0xBEF7,0xD7BD,
0x0008,0x0040,0x02E8,0x0170,0x0008,0x18C6,0xDBDE,0x0000,0x0000,0x0000,0x0000,0x0000,
0x0000,0x0000,0x0000,0x0000,0x0421,0xBEF7,0xB29C,0x0008,0x0010,0x02E8,0x01C8,0x0008,
0x0008,0x9EF7,0x55AD,0x0000,0x0000,0x0000,0x0000,0x0000,0x0000,0x0000,0x0000,0x0000,
0x0000,0x0000,0x0000,0x0000,0x0000,0x0000,0x0000,0x0000,0x0000,0x0000,0x0000,0x0000,
0x0000,0x0000,0x0000,0x0000,0x0000,0x0000,0x0000,0x0000,0x0000,0x0000,0x0000,0x0000,
0x0000,0x0000,0x0000,0x0000,0x0000,0x0000,0x0000,0x0000,0x0000,0x0000,0x0000,0x0000,
0x0000,0x0000,0x0000,0x0000,0x0000,0x0000,0xE318,0xF7C5,0xBEF7,0xF3A4,0x6110,0x0008,
0x0008,0x0008,0x0008,0x0178,0x02E8,0x02F0,0x02F0,0x02F0,0x0198,0x0010,0x0008,0x0008,
0x0008,0x0008,0x0180,0x02F0,0x02F0,0x02F0,0x02F0,0x02F0,0x02F0,0x02F0,0x02F0,0x02F0,
0x02F0,0x02F0,0x02F0,0x02F0,0x02F0,0x02F0,0x02F0,0x02F0,0x02F0,0x02F0,0x02F0,0x02F0,
0x02F0,0x02F0,0x02F0,0x0198,0x0010,0x0008,0x0008,0x0008,0x0008,0x0008,0xC318,0xBADE,
0x5DEF,0x0421,0x0000,0x0000,0x0000,0x0000,0x0000,0x0000,0x0000,0x0000,0x0000,0x0000,
0x0000,0x0000,0x0000,0x0000,0x0000,0x0000,0x0000,0x0000,0x0000,0x0000,0x0000,0x0000,
0x0000,0x0000,0x0000,0x0000,0x0000,0x0000,0x0000,0x0000,0x0000,0x0000,0x0000,0x0000,
0x0000,0x0000,0x0000,0x0000,0x0000,0x0000,0x9EF7,0x79D6,0x0008,0x0018,0x02E8,0x01A8,
0x0008,0x5194,0xBEF7,0x2421,0x0000,0x0000,0x0000,0x0000,0x0000,0x0000,0x0000,0x0000,
0x694A,0xBEF7,0xCF83,0x0008,0x0020,0x02E8,0x01B0,0x0008,0x6110,0xBEF7,0xD39C,0x0000,
0x0000,0x0000,0x0000,0x0000,0x0000,0x0000,0x0000,0x0000,0x0000,0x0000,0x0000,0x0000,
0x0000,0x0000,0x0000,0x0000,0x0000,0x0000,0x0000,0x0000,0x0000,0x0000,0x0000,0x0000,
0x0000,0x0000,0x0000,0x0000,0x0000,0x0000,0x0000,0x0000,0x0000,0x0000,0x0000,0x0000,
0x0000,0x0000,0x0000,0x0000,0x0000,0x0000,0x0000,0x0000,0x0000,0x0000,0x0000,0x0000,
0x0000,0x2842,0x1CE7,0x7DEF,0x2C6B,0x0008,0x0008,0x0008,0x0008,0x0020,0x01B8,0x02F0,
0x02F0,0x02F0,0x02E0,0x0050,0x0008,0x0008,0x0008,0x0008,0x0018,0x01B0,0x02F0,0x02F0,
0x02F0,0x02F0,0x02F0,0x02F0,0x02F0,0x02F0,0x02F0,0x02F0,0x02F0,0x02F0,0x02F0,0x02F0,
0x02F0,0x02F0,0x02F0,0x02F0,0x02F0,0x02F0,0x02F0,0x02F0,0x02F0,0x02D8,0x0158,0x0008,
0x0008,0x0008,0x0008,0x0008,0x0008,0x6110,0xF7C5,0xBEF7,0x2C63,0x0000,0x0000,0x0000,
0x0000,0x0000,0x0000,0x0000,0x0000,0x0000,0x0000,0x0000,0x0000,0x0000,0x0000,0x0000,
0x0000,0x0000,0x0000,0x0000,0x0000,0x0000,0x0000,0x0000,0x0000,0x0000,0x0000,0x0000,
0x0000,0x0000,0x0000,0x0000,0x0000,0x0000,0x0000,0x0000,0x0000,0x0000,0x0000,0x0000,
0x0000,0x0000,0xDBDE,0x5DEF,0x0008,0x0008,0x01D0,0x02D8,0x0008,0x494A,0xBEF7,0x4D6B,
0x0000,0x0000,0x0000,0x0000,0x0000,0x0000,0x0000,0x0000,0xCF7B,0xBEF7,0x4D6B,0x0008,
0x0038,0x02E8,0x01A8,0x0008,0xC320,0xBEF7,0x518C,0x0000,0x0000,0x0000,0x0000,0x0000,
0x0000,0x0000,0x0000,0x0000,0x0000,0x0000,0x0000,0x0000,0x0000,0x0000,0x0000,0x0000,
0x0000,0x0000,0x0000,0x0000,0x0000,0x0000,0x0000,0x0000,0x0000,0x0000,0x0000,0x0000,
0x0000,0x0000,0x0000,0x0000,0x0000,0x0000,0x0000,0x0000,0x0000,0x0000,0x0000,0x0000,
0x0000,0x0000,0x0000,0x0000,0x0000,0x0000,0x0000,0x0000,0x2C63,0x9EF7,0x1CE7,0xE741,
0x0008,0x0008,0x0008,0x0008,0x0050,0x02D8,0x02F0,0x02F0,0x02F0,0x01D0,0x0030,0x0008,
0x0008,0x0008,0x0008,0x0018,0x01C0,0x02F0,0x02F0,0x02F0,0x02F0,0x02F0,0x02F0,0x02F0,
0x02F0,0x02F0,0x02F0,0x02F0,0x02F0,0x02F0,0x02F0,0x02F0,0x02F0,0x02F0,0x02F0,0x02F0,
0x02F0,0x02F0,0x02F0,0x02E8,0x0198,0x0018,0x0008,0x0008,0x0008,0x0008,0x0008,0x0008,
0x8218,0xF7C5,0xBEF7,0x18C6,0x0000,0x0000,0x0000,0x0000,0x0000,0x0000,0x0000,0x0000,
0x0000,0x0000,0x0000,0x0000,0x0000,0x0000,0x0000,0x0000,0x0000,0x0000,0x0000,0x0000,
0x0000,0x0000,0x0000,0x0000,0x0000,0x0000,0x0000,0x0000,0x0000,0x0000,0x0000,0x0000,
0x0000,0x0000,0x0000,0x0000,0x0000,0x0000,0x0000,0x0000,0x0000,0x0000,0xB6B5,0xBEF7,
0xA218,0x0008,0x0198,0x02E8,0x0030,0x6110,0x7DEF,0x96B5,0x0000,0x0000,0x0000,0x0000,
0x0000,0x0000,0x0000,0x0000,0xD39C,0xBEF7,0xEB62,0x0008,0x0040,0x02E8,0x01A8,0x0008,
0x2429,0xBEF7,0xCF7B,0x0000,0x0000,0x0000,0x0000,0x0000,0x0000,0x0000,0x0000,0x0000,
0x0000,0x0000,0x0000,0x0000,0x0000,0x0000,0x0000,0x0000,0x0000,0x0000,0x0000,0x0000,
0x0000,0x0000,0x0000,0x0000,0x0000,0x0000,0x0000,0x0000,0x0000,0x0000,0x0000,0x0000,
0x0000,0x0000,0x0000,0x0000,0x0000,0x0000,0x0000,0x0000,0x0000,0x0000,0x0000,0x0000,
0x0000,0x0000,0x0000,0x518C,0xBEF7,0x59CE,0x0429,0x0008,0x0008,0x0008,0x0010,0x0188,
0x02E8,0x02F0,0x02F0,0x02F0,0x01B8,0x0018,0x0008,0x0008,0x0008,0x0008,0x0018,0x01C0,
0x02F0,0x02F0,0x02F0,0x02F0,0x02F0,0x02F0,0x02F0,0x02F0,0x02F0,0x02F0,0x02F0,0x02F0,
0x02F0,0x02F0,0x02F0,0x02F0,0x02F0,0x02F0,0x02F0,0x02F0,0x02F0,0x02F0,0x01A8,0x0038,
0x0008,0x0008,0x0008,0x0008,0x0008,0x0008,0x0008,0x2429,0x79D6,0xBEF7,0x75AD,0x4108,
0x0000,0x0000,0x0000,0x0000,0x0000,0x0000,0x0000,0x0000,0x0000,0x0000,0x0000,0x0000,
0x0000,0x0000,0x0000,0x0000,0x0000,0x0000,0x0000,0x0000,0x0000,0x0000,0x0000,0x0000,
0x0000,0x0000,0x0000,0x0000,0x0000,0x0000,0x0000,0x0000,0x0000,0x0000,0x0000,0x0000,
0x0000,0x0000,0x0000,0x0000,0x0000,0x0000,0x9294,0xBEF7,0xC741,0x0008,0x0160,0x02E8,
0x0170,0x0008,0x96B5,0x9EF7,0xA210,0x0000,0x0000,0x0000,0x0000,0x0000,0x0000,0x0000,
0x96B5,0xBEF7,0x8A52,0x0008,0x0040,0x02E8,0x01A8,0x0008,0x4529,0xBEF7,0x4D6B,0x0000,
0x0000,0x0000,0x0000,0x0000,0x0000,0x0000,0x0000,0x0000,0x0000,0x0000,0x0000,0x0000,
0x0000,0x0000,0x0000,0x0000,0x0000,0x0000,0x0000,0x0000,0x0000,0x0000,0x0000,0x0000,
0x0000,0x0000,0x0000,0x0000,0x0000,0x0000,0x0000,0x0000,0x0000,0x0000,0x0000,0x0000,
0x0000,0x0000,0x0000,0x0000,0x0000,0x0000,0x0000,0x0000,0x0000,0x4108,0x55AD,0xBEF7,
0x55AD,0x6110,0x0008,0x0008,0x0008,0x0018,0x01B0,0x02F0,0x02F0,0x02F0,0x02F0,0x0188,
0x0008,0x0008,0x0008,0x0008,0x0008,0x0018,0x01C8,0x02F0,0x02F0,0x02F0,0x02F0,0x02F0,
0x02F0,0x02F0,0x02F0,0x02F0,0x02F0,0x02F0,0x02F0,0x02F0,0x02F0,0x02F0,0x02F0,0x02F0,
0x02F0,0x02F0,0x02F0,0x02E0,0x0190,0x0030,0x0008,0x0008,0x0008,0x0008,0x0008,0x0008,
0x0008,0x0008,0x0C6B,0x5DEF,0xBEF7,0x718C,0x2000,0x0000,0x0000,0x0000,0x0000,0x0000,
0x0000,0x0000,0x0000,0x0000,0x0000,0x0000,0x0000,0x0000,0x0000,0x0000,0x0000,0x0000,
0x0000,0x0000,0x0000,0x0000,0x0000,0x0000,0x0000,0x0000,0x0000,0x0000,0x0000,0x0000,
0x0000,0x0000,0x0000,0x0000,0x0000,0x0000,0x0000,0x0000,0x0000,0x0000,0x0000,0x0000,
0x0000,0x0000,0x0C63,0xBEF7,0x6D73,0x0008,0x0020,0x02E8,0x01B8,0x0008,0xEB62,0xBEF7,
0x4D6B,0x0000,0x0000,0x0000,0x0000,0x0000,0x0000,0x0000,0x59CE,0xBEF7,0x4952,0x0008,
0x0038,0x02E8,0x01B0,0x0008,0x4531,0xBEF7,0x2C63,0x0000,0x0000,0x0000,0x0000,0x0000,
0x0000,0x0000,0x0000,0x0000,0x0000,0x0000,0x0000,0x0000,0x0000,0x0000,0x0000,0x0000,
0x0000,0x0000,0x0000,0x0000,0x0000,0x0000,0x0000,0x0000,0x0000,0x0000,0x0000,0x0000,
0x0000,0x0000,0x0000,0x0000,0x0000,0x0000,0x0000,0x0000,0x0000,0x0000,0x0000,0x0000,
0x0000,0x0000,0x0000,0x0000,0xA210,0x38C6,0xBEF7,0x518C,0x2008,0x0008,0x0008,0x0008,
0x0028,0x01C8,0x02F0,0x02F0,0x02F0,0x02F0,0x0178,0x0008,0x0008,0x0008,0x0008,0x0008,
0x0010,0x01C0,0x02F0,0x02F0,0x02F0,0x02F0,0x02F0,0x02F0,0x02F0,0x02F0,0x02F0,0x02F0,
0x02F0,0x02F0,0x02F0,0x02F0,0x02F0,0x02F0,0x02F0,0x02F0,0x02E0,0x01A0,0x0158,0x0010,
0x0008,0x0008,0x0008,0x0008,0x0008,0x0008,0x0008,0x0008,0x8639,0x96B5,0xBEF7,0x3CE7,
0x694A,0x0000,0x0000,0x0000,0x0000,0x0000,0x0000,0x0000,0x0000,0x0000,0x0000,0x0000,
0x0000,0x0000,0x0000,0x0000,0x0000,0x0000,0x0000,0x0000,0x0000,0x0000,0x0000,0x0000,
0x0000,0x0000,0x0000,0x0000,0x0000,0x0000,0x0000,0x0000,0x0000,0x0000,0x0000,0x0000,
0x0000,0x0000,0x0000,0x0000,0x0000,0x0000,0x0000,0x0000,0x0000,0x0000,0x4529,0xBEF7,
0xF3A4,0x0008,0x0008,0x01C0,0x02E8,0x0018,0x8218,0x5DEF,0x38C6,0x0000,0x0000,0x0000,
0x0000,0x0000,0x0000,0x0000,0x3CE7,0xBEF7,0x8A5A,0x0008,0x0030,0x02E8,0x01B8,0x0008,
0x4531,0xBEF7,0x2C63,0x0000,0x0000,0x0000,0x0000,0x0000,0x0000,0x0000,0x0000,0x0000,
0x0000,0x0000,0x0000,0x0000,0x0000,0x0000,0x0000,0x0000,0x0000,0x0000,0x0000,0x0000,
0x0000,0x0000,0x0000,0x0000,0x0000,0x0000,0x0000,0x0000,0x0000,0x0000,0x0000,0x0000,
0x0000,0x0000,0x0000,0x0000,0x0000,0x0000,0x0000,0x0000,0x0000,0x0000,0x0000,0xE318,
0x9AD6,0x9EF7,0x8E73,0x0008,0x0008,0x0008,0x0008,0x0038,0x02D8,0x02F0,0x02F0,0x02F0,
0x02F0,0x0178,0x0008,0x0008,0x0008,0x0008,0x0008,0x0008,0x01B0,0x02F0,0x02F0,0x02F0,
0x02F0,0x02F0,0x02F0,0x02F0,0x02F0,0x02F0,0x02F0,0x02F0,0x02F0,0x02F0,0x02F0,0x02F0,
0x63E0,0xABBA,0x0892,0x4551,0x6118,0x0008,0x0008,0x0008,0x0008,0x0008,0x0008,0x0008,
0x0008,0x0008,0x8639,0xF3A4,0x9EF7,0xBEF7,0x34AD,0xE318,0x0000,0x0000,0x0000,0x0000,
0x0000,0x0000,0x0000,0x0000,0x0000,0x0000,0x0000,0x0000,0x0000,0x0000,0x0000,0x0000,
0x0000,0x0000,0x0000,0x0000,0x0000,0x0000,0x0000,0x0000,0x0000,0x0000,0x0000,0x0000,
0x0000,0x0000,0x0000,0x0000,0x0000,0x0000,0x0000,0x0000,0x0000,0x0000,0x0000,0x0000,
0x0000,0x0000,0x0000,0x0000,0x0000,0x0000,0x0000,0x3CE7,0xBAD6,0x0008,0x0008,0x0178,
0x02E8,0x0160,0x0008,0x14A5,0xBEF7,0xC739,0x0000,0x0000,0x0000,0x0000,0x0000,0x4108,
0xBEF7,0x7DF7,0xAA62,0x0008,0x0028,0x02E8,0x01B8,0x0008,0x4529,0xBEF7,0x0C63,0x0000,
0x0000,0x0000,0x0000,0x0000,0x0000,0x0000,0x0000,0x0000,0x0000,0x0000,0x0000,0x0000,
0x0000,0x0000,0x0000,0x0000,0x0000,0x0000,0x0000,0x0000,0x0000,0x0000,0x0000,0x0000,
0x0000,0x0000,0x0000,0x0000,0x0000,0x0000,0x0000,0x0000,0x0000,0x0000,0x0000,0x0000,
0x0000,0x0000,0x0000,0x0000,0x0000,0x0000,0x2421,0xDBDE,0x9EF7,0xEB62,0x0008,0x0008,
0x0008,0x0008,0x0150,0x02E8,0x02F0,0x02F0,0x02F0,0x02E8,0x0168,0x0008,0x0008,0x0008,
0x0008,0x0008,0x0008,0x0190,0x02F0,0x02F0,0x02F0,0x02F0,0x02F0,0x02F0,0x02F0,0x02F0,
0x02F0,0x02F0,0x02F0,0x02F0,0x02F0,0x02F0,0x02F0,0x02F0,0x02F0,0xF0BB,0x5DFF,0x5DFF,
0x5DFF,0x79DE,0xCB92,0x0198,0x0030,0x0008,0x0008,0x0008,0x6952,0x18C6,0xBEF7,0xBEF7,
0x79D6,0x2842,0x0000,0x0000,0x0000,0x0000,0x0000,0x0000,0x0000,0x0000,0x0000,0x0000,
0x0000,0x0000,0x0000,0x0000,0x0000,0x0000,0x0000,0x0000,0x0000,0x0000,0x0000,0x0000,
0x0000,0x0000,0x0000,0x0000,0x0000,0x0000,0x0000,0x0000,0x0000,0x0000,0x0000,0x0000,
0x0000,0x0000,0x0000,0x0000,0x0000,0x0000,0x0000,0x0000,0x0000,0x0000,0x0000,0x0000,
0x0000,0x0000,0x0000,0x14A5,0xBEF7,0x4531,0x0008,0x0028,0x02E8,0x01B8,0x0008,0xE741,
0xBEF7,0x55AD,0x0000,0x0000,0x0000,0x0000,0x0000,0x4529,0xBEF7,0x7DF7,0xAA6A,0x0008,
0x0028,0x02E8,0x01D0,0x0008,0xE320,0xBEF7,0x1084,0x2421,0x4108,0x0000,0x0000,0x0000,
0x0000,0x0000,0x0000,0x0000,0x0000,0x0000,0x0000,0x0000,0x0000,0x0000,0x0000,0x0000,
0x0000,0x0000,0x0000,0x0000,0x0000,0x0000,0x0000,0x0000,0x0000,0x0000,0x0000,0x0000,
0x0000,0x0000,0x0000,0x0000,0x0000,0x0000,0x0000,0x0000,0x0000,0x0000,0x0000,0x0000,
0x0000,0x8631,0x1CE7,0x7DEF,0x8A52,0x0008,0x0008,0x0008,0x0008,0x0170,0x02E8,0x02F0,
0x02F0,0x02F0,0x02E8,0x0060,0x0008,0x0008,0x0008,0x0008,0x0008,0x0008,0x0170,0x02F0,
0x02F0,0x02F0,0x02F0,0x02F0,0x02F0,0x02F0,0x02F0,0x02F0,0x02F0,0x02F0,0x02F0,0x02F0,
0x02F0,0x02F0,0x02F0,0x02F0,0x02F0,0x02F0,0xCBBA,0x5DFF,0x5DFF,0x38DE,0x63E0,0x02E0,
0x0020,0x0008,0x0008,0x0008,0x38C6,0xBEF7,0x59CE,0xAA52,0x0000,0x0000,0x0000,0x0000,
0x0000,0x0000,0x0000,0x0000,0x0000,0x0000,0x0000,0x0000,0x0000,0x0000,0x0000,0x0000,
0x0000,0x0000,0x0000,0x0000,0x0000,0x0000,0x0000,0x0000,0x0000,0x0000,0x0000,0x0000,
0x0000,0x0000,0x0000,0x0000,0x0000,0x0000,0x0000,0x0000,0x0000,0x0000,0x0000,0x0000,
0x0000,0x0000,0x0000,0x0000,0x0000,0x0000,0x0000,0x0000,0x0000,0x0000,0x0000,0xAA52,
0xBEF7,0xAE7B,0x0008,0x0008,0x01C0,0x02E8,0x0028,0x0008,0x38C6,0x9EF7,0x8E73,0xEF7B,
0xD39C,0xB6B5,0xDBDE,0xBEF7,0xBEF7,0x7DF7,0xAA6A,0x0008,0x0010,0x02E8,0x02E0,0x0008,
0xA218,0xBEF7,0xBEF7,0xBEF7,0xBEF7,0x5DEF,0x18C6,0xB29C,0x6D6B,0xE739,0x4108,0x0000,
0x0000,0x0000,0x0000,0x0000,0x0000,0x0000,0x0000,0x0000,0x0000,0x0000,0x0000,0x0000,
0x0000,0x0000,0x0000,0x0000,0x0000,0x0000,0x0000,0x0000,0x0000,0x0000,0x0000,0x0000,
0x0000,0x0000,0x0000,0x0000,0x0000,0x0000,0x0000,0x0000,0xC739,0x3CEF,0x5DEF,0xE741,
0x0008,0x0008,0x0008,0x0008,0x0170,0x02F0,0x02F0,0x02F0,0x02F0,0x02F0,0x0178,0x0008,
0x0008,0x0008,0x0008,0x0008,0x0008,0x0040,0x02E8,0x02F0,0x02F0,0x02F0,0x02F0,0x02F0,
0x02F0,0x02F0,0x02F0,0x02F0,0x02F0,0x02F0,0x02F0,0x02F0,0x02F0,0x02F0,0x02F0,0x02F0,
0x02F0,0x02F0,0xE8C9,0x5DFF,0x3CF7,0x67C9,0x02F0,0x0180,0x0008,0x0008,0x0008,0x2008,
0x5DEF,0x9AD6,0x0000,0x0000,0x0000,0x0000,0x0000,0x0000,0x0000,0x0000,0x0000,0x0000,
0x0000,0x0000,0x0000,0x0000,0x0000,0x0000,0x0000,0x0000,0x0000,0x0000,0x0000,0x0000,
0x0000,0x0000,0x0000,0x0000,0x0000,0x0000,0x0000,0x0000,0x0000,0x0000,0x0000,0x0000,
0x0000,0x0000,0x0000,0x0000,0x0000,0x0000,0x0000,0x0000,0x0000,0x0000,0x0000,0x0000,
0x0000,0x0000,0x0000,0x0000,0x0000,0x0000,0x0000,0x8210,0x7DEF,0xF7C5,0x0008,0x0008,
0x0160,0x02E8,0x0180,0x0008,0xCB5A,0xBEF7,0xBEF7,0xBEF7,0xBEF7,0x3CEF,0x38CE,0x34AD,
0x308C,0xAE83,0x6539,0x0008,0x0008,0x01D8,0x02E8,0x0018,0x4110,0x1084,0x9294,0xF3A4,
0x55AD,0x18C6,0x3CE7,0xBEF7,0xBEF7,0xBEF7,0x7DEF,0xD7BD,0xCF7B,0x6529,0x0000,0x0000,
0x0000,0x0000,0x0000,0x0000,0x0000,0x0000,0x0000,0x0000,0x0000,0x0000,0x0000,0x0000,
0x0000,0x0000,0x0000,0x0000,0x0000,0x0000,0x0000,0x0000,0x0000,0x0000,0x0000,0x0000,
0x0000,0x0000,0x0000,0xA631,0x3CEF,0x5DEF,0xC741,0x0008,0x0008,0x0008,0x0008,0x0170,
0x02F0,0x02F0,0x02F0,0x02F0,0x02F0,0x0190,0x0008,0x0008,0x0008,0x0008,0x0008,0x0008,
0x0018,0x02D8,0x02F0,0x02F0,0x02F0,0x02F0,0x02F0,0x02F0,0x02F0,0x02F0,0x02F0,0x02F0,
0x02F0,0x02F0,0x02F0,0x02F0,0x02F0,0x02F0,0x02F0,0x02F0,0x02F0,0xA4D8,0x59DE,0x5DFF,
0xCCBA,0x02F0,0x02D8,0x0018,0x0008,0x0008,0x0008,0x4531,0xBEF7,0xD39C,0x0000,0x0000,
0x0000,0x0000,0x0000,0x0000,0x0000,0x0000,0x0000,0x0000,0x0000,0x0000,0x0000,0x0000,
0x0000,0x0000,0x0000,0x0000,0x0000,0x0000,0x0000,0x0000,0x0000,0x0000,0x0000,0x0000,
0x0000,0x0000,0x0000,0x0000,0x0000,0x0000,0x0000,0x0000,0x0000,0x0000,0x0000,0x0000,
0x0000,0x0000,0x0000,0x0000,0x0000,0x0000,0x0000,0x0000,0x0000,0x0000,0x0000,0x0000,
0x0000,0x0000,0x0000,0x0000,0x14A5,0x9EF7,0x2429,0x0008,0x0010,0x02E0,0x02E0,0x0010,
0x4110,0x34AD,0x34AD,0x4D6B,0x4531,0x0008,0x0008,0x0008,0x0008,0x0008,0x0008,0x0008,
0x0008,0x01B8,0x02E8,0x0038,0x0008,0x0008,0x0008,0x0008,0x0008,0x0008,0x0008,0xC318,
0xE741,0x4D6B,0x34AD,0x1CE7,0xBEF7,0xBEF7,0x9AD6,0x1084,0x0421,0x0000,0x0000,0x0000,
0x0000,0x0000,0x0000,0x0000,0x0000,0x0000,0x0000,0x0000,0x0000,0x0000,0x0000,0x0000,
0x0000,0x0000,0x0000,0x0000,0x0000,0x0000,0x0000,0x0000,0x0000,0x0000,0x6529,0x3CE7,
0x3CEF,0xC741,0x0008,0x0008,0x0008,0x0008,0x0168,0x02F0,0x02F0,0x02F0,0x02F0,0x02F0,
0x01A8,0x0008,0x0008,0x0008,0x0008,0x0008,0x0008,0x0008,0x01A8,0x02F0,0x02F0,0x02F0,
0x02F0,0x02F0,0x02F0,0x02F0,0x02F0,0x02F0,0x02F0,0x02F0,0x02F0,0x02F0,0x02F0,0x02F0,
0x02F0,0x02F0,0x02F0,0x02F0,0x63E0,0xF7D5,0x5DFF,0x0DBB,0x02F0,0x02F0,0x0048,0x0008,
0x0008,0x0008,0x0008,0x6D73,0xBEF7,0x0C63,0x0000,0x0000,0x0000,0x0000,0x0000,0x0000,
0x0000,0x0000,0x0000,0x0000,0x0000,0x0000,0x0000,0x0000,0x0000,0x0000,0x0000,0x0000,
0x0000,0x0000,0x0000,0x0000,0x0000,0x0000,0x0000,0x0000,0x0000,0x0000,0x0000,0x0000,
0x0000,0x0000,0x0000,0x0000,0x0000,0x0000,0x0000,0x0000,0x0000,0x0000,0x0000,0x0000,
0x0000,0x0000,0x0000,0x0000,0x0000,0x0000,0x0000,0x0000,0x0000,0x0000,0x0000,0x0000,
0x2842,0xBEF7,0x308C,0x0008,0x0008,0x0188,0x02E8,0x0168,0x0008,0x0008,0x0008,0x0008,
0x0008,0x0008,0x0008,0x0008,0x0008,0x0008,0x0008,0x0008,0x0008,0x01A0,0x02E8,0x0050,
0x0008,0x0008,0x0008,0x0008,0x0008,0x0008,0x0008,0x0008,0x0008,0x0008,0x0008,0x2008,
0x8639,0xCF7B,0x79D6,0xBEF7,0x9EF7,0x96B5,0x694A,0x0000,0x0000,0x0000,0x0000,0x0000,
0x0000,0x0000,0x0000,0x0000,0x0000,0x0000,0x0000,0x0000,0x0000,0x0000,0x0000,0x0000,
0x0000,0x0000,0x0000,0x0000,0x0000,0x4529,0x1CE7,0x3CEF,0xC739,0x0008,0x0008,0x0008,
0x0008,0x0168,0x02E8,0x02F0,0x02F0,0x02F0,0x02F0,0x01C0,0x0010,0x0008,0x0008,0x0008,
0x0008,0x0008,0x0008,0x0178,0x02F0,0x02F0,0x02F0,0x02F0,0x02F0,0x02F0,0x02F0,0x02F0,
0x02F0,0x02F0,0x02F0,0x02F0,0x02F0,0x02F0,0x02F0,0x02F0,0x02F0,0x02F0,0x02F0,0x43E8,
0x75CD,0x5DFF,0x2DBB,0x02F0,0x02F0,0x0190,0x0008,0x0008,0x0008,0x0008,0x0008,0xF7C5,
0x9EF7,0xE318,0x0000,0x0000,0x0000,0x0000,0x0000,0x0000,0x0000,0x0000,0x0000,0x0000,
0x0000,0x0000,0x0000,0x0000,0x0000,0x0000,0x0000,0x0000,0x0000,0x0000,0x0000,0x0000,
0x0000,0x0000,0x0000,0x0000,0x0000,0x0000,0x0000,0x0000,0x0000,0x0000,0x0000,0x0000,
0x0000,0x0000,0x0000,0x0000,0x0000,0x0000,0x0000,0x0000,0x0000,0x0000,0x0000,0x0000,
0x0000,0x0000,0x0000,0x0000,0x0000,0x0000,0x0000,0x0000,0xAA52,0xBEF7,0x1CE7,0x4110,
0x0008,0x0020,0x02E8,0x01C8,0x0008,0x0008,0x0008,0x0008,0x0008,0x0008,0x0008,0x0008,
0x0018,0x0038,0x0038,0x0008,0x0008,0x0180,0x02E8,0x0170,0x0008,0x0008,0x6952,0x4952,
0x084A,0xA641,0xC320,0x0008,0x0008,0x0008,0x0008,0x0008,0x0008,0x0008,0x0008,0xC741,
0x9294,0x5DEF,0xBEF7,0x79D6,0xCB5A,0x0000,0x0000,0x0000,0x0000,0x0000,0x0000,0x0000,
0x0000,0x0000,0x0000,0x0000,0x0000,0x0000,0x0000,0x0000,0x0000,0x0000,0x0000,0x0000,
0x2421,0xFBDE,0x5DEF,0xC739,0x0008,0x0008,0x0008,0x0008,0x0168,0x02E8,0x02F0,0x02F0,
0x02F0,0x02F0,0x02F0,0x0068,0x0008,0x0008,0x0008,0x0008,0x0008,0x0008,0x0168,0x02E8,
0x02F0,0x02F0,0x02F0,0x02F0,0x02F0,0x02F0,0x02F0,0x02F0,0x02F0,0x02F0,0x02F0,0x02F0,
0x02F0,0x02F0,0x02F0,0x02F0,0x02F0,0x02F0,0x22E8,0xF4C4,0xDBEE,0x4AC2,0x02F0,0x02F0,
0x01A8,0x0010,0x0008,0x0008,0x0008,0x0008,0x0429,0x9EF7,0xD7BD,0x0000,0x0000,0x0000,
0x0000,0x0000,0x0000,0x0000,0x0000,0x0000,0x0000,0x0000,0x0000,0x0000,0x0000,0x0000,
0x0000,0x0000,0x0000,0x0000,0x0000,0x0000,0x0000,0x0000,0x0000,0x0000,0x0000,0x0000,
0x0000,0x0000,0x0000,0x0000,0x0000,0x0000,0x0000,0x0000,0x0000,0x0000,0x0000,0x0000,
0x0000,0x0000,0x0000,0x0000,0x0000,0x0000,0x0000,0x0000,0x0000,0x0000,0x0000,0x0000,
0x0000,0x0000,0x6108,0xD39C,0xBEF7,0x7DEF,0xAE7B,0x2008,0x0008,0x0008,0x0190,0x02E8,
0x0160,0x0008,0x0008,0x0008,0x0030,0x0170,0x01B0,0x02E0,0x02E8,0x02E8,0x01B8,0x0008,
0x0008,0x0160,0x02E8,0x0198,0x0008,0x0008,0x1CEF,0x5DFF,0x5DFF,0x5DFF,0x5DFF,0x1CF7,
0xF7CD,0x5194,0xAA5A,0xA218,0x0008,0x0008,0x0008,0x0008,0x0008,0xA218,0xEF83,0x3CEF,
0xBEF7,0x79D6,0x694A,0x0000,0x0000,0x0000,0x0000,0x0000,0x0000,0x0000,0x0000,0x0000,
0x0000,0x0000,0x0000,0x0000,0x0000,0x0000,0x0000,0xC318,0xBADE,0x7DF7,0x284A,0x0008,
0x0008,0x0008,0x0008,0x0050,0x02E8,0x02F0,0x02F0,0x02F0,0x02F0,0x02F0,0x02F0,0x0040,
0x0008,0x0008,0x0008,0x0008,0x0010,0x0190,0x02F0,0x02F0,0x02F0,0x02F0,0x02F0,0x02F0,
0x02F0,0x02F0,0x02F0,0x02F0,0x02F0,0x02F0,0x02F0,0x02F0,0x02F0,0x02F0,0x02F0,0x02F0,
0x02F0,0x43E8,0x14C5,0xD7D5,0x05D9,0x02F0,0x02F0,0x01B8,0x0010,0x0008,0x0008,0x0008,
0x0008,0x0008,0x929C,0xBEF7,0xEB5A,0x0000,0x0000,0x0000,0x0000,0x0000,0x0000,0x0000,
0x0000,0x0000,0x0000,0x0000,0x0000,0x0000,0x0000,0x0000,0x0000,0x0000,0x0000,0x0000,
0x0000,0x0000,0x0000,0x0000,0x0000,0x0000,0x0000,0x0000,0x0000,0x0000,0x0000,0x0000,
0x0000,0x0000,0x0000,0x0000,0x0000,0x0000,0x0000,0x0000,0x0000,0x0000,0x0000,0x0000,
0x0000,0x0000,0x0000,0x0000,0x0000,0x0000,0x0000,0x0000,0x0000,0xA631,0x9AD6,0xBEF7,
0x18C6,0x4531,0x0008,0x0008,0x0008,0x0008,0x0020,0x02E0,0x01D0,0x0010,0x0008,0x0190,
0x02E8,0x02E8,0x02E8,0x02E8,0x02E8,0x02E8,0x02D8,0x0008,0x0008,0x0028,0x02E8,0x01C8,
0x0008,0x0008,0xE5D0,0xC8C9,0xABBA,0x6EBB,0x72BC,0x18D6,0x5DF7,0x5DFF,0x5DFF,0x3CF7,
0x34B5,0xAA5A,0x4110,0x0008,0x0008,0x0008,0x0008,0x8218,0xEF83,0x7DEF,0xBEF7,0xB6B5,
0x4529,0x0000,0x0000,0x0000,0x0000,0x0000,0x0000,0x0000,0x0000,0x0000,0x0000,0x0000,
0x0000,0x0000,0x6108,0x38C6,0x9EF7,0x8A5A,0x0008,0x0008,0x0008,0x0008,0x0030,0x02E0,
0x02F0,0x02F0,0x02F0,0x02F0,0x02F0,0x02F0,0x02F0,0x01A8,0x0010,0x0008,0x0008,0x0058,
0x02D0,0x02F0,0x02F0,0x02F0,0x02F0,0x02F0,0x02F0,0x02F0,0x02F0,0x02F0,0x02F0,0x02F0,
0x02F0,0x02F0,0x02F0,0x02F0,0x02F0,0x02F0,0x02F0,0x02F0,0x63E0,0xB2C4,0x0CBB,0x22E8,
0x02F0,0x02F0,0x01A8,0x0010,0x0008,0x0008,0x0008,0x0008,0x0008,0x2429,0x7DF7,0xBAD6,
0x2000,0x0000,0x0000,0x0000,0x0000,0x0000,0x0000,0x0000,0x0000,0x0000,0x0000,0x0000,
0x0000,0x0000,0x0000,0x0000,0x0000,0x0000,0x0000,0x0000,0x0000,0x0000,0x0000,0x0000,
0x0000,0x0000,0x0000,0x0000,0x0000,0x0000,0x0000,0x0000,0x0000,0x0000,0x0000,0x0000,
0x0000,0x0000,0x0000,0x0000,0x0000,0x0000,0x0000,0x0000,0x0000,0x0000,0x0000,0x0000,
0x0000,0x0000,0x0000,0x2000,0x1084,0x9EF7,0x9EF7,0xCF7B,0x2008,0x0008,0x0008,0x0008,
0x0008,0x0008,0x0008,0x0180,0x02E8,0x0168,0x0008,0x0040,0x02E8,0x02E8,0x02E8,0x02E8,
0x02E8,0x02E8,0x02E8,0x0040,0x0008,0x0008,0x02D8,0x02E8,0x0010,0x0018,0x02E8,0x02E8,
0x02E8,0x02E8,0x02E8,0x02E8,0x84D8,0x4AC2,0x10BC,0x9AE6,0x5DFF,0x5DFF,0x79DE,0x2C6B,
0x4110,0x0008,0x0008,0x0008,0x0008,0x2429,0xB6BD,0xBEF7,0x7DF7,0xAE73,0x0000,0x0000,
0x0000,0x0000,0x0000,0x0000,0x0000,0x0000,0x0000,0x0000,0x0000,0x2000,0x96B5,0x9EF7,
0x2C6B,0x0008,0x0008,0x0008,0x0008,0x0020,0x02D0,0x02F0,0x02F0,0x02F0,0x02F0,0x02F0,
0x02F0,0x02F0,0x02F0,0x02F0,0x02D8,0x0198,0x02D8,0x02F0,0x02F0,0x02F0,0x02F0,0x02F0,
0x02F0,0x02F0,0x02F0,0x02F0,0x02F0,0x02F0,0x02F0,0x02F0,0x02F0,0x02F0,0x02F0,0x02F0,
0x02F0,0x02F0,0x02F0,0x02E8,0xC8C9,0x43E8,0x02F0,0x02F0,0x02E8,0x0178,0x0008,0x0008,
0x0008,0x0008,0x0008,0x0008,0x2008,0xB6B5,0xBEF7,0xAA52,0x0000,0x0000,0x0000,0x0000,
0x0000,0x0000,0x0000,0x0000,0x0000,0x0000,0x0000,0x0000,0x0000,0x0000,0x0000,0x0000,
0x0000,0x0000,0x0000,0x0000,0x0000,0x0000,0x0000,0x0000,0x0000,0x0000,0x0000,0x0000,
0x0000,0x0000,0x0000,0x0000,0x0000,0x0000,0x0000,0x0000,0x0000,0x0000,0x0000,0x0000,
0x0000,0x0000,0x0000,0x0000,0x0000,0x0000,0x0000,0x0000,0x0000,0x0000,0x8210,0xD7BD,
0xBEF7,0xBADE,0xC741,0x0008,0x0008,0x0008,0x0008,0x0008,0x0008,0x0008,0x0008,0x0010,
0x01D0,0x02E0,0x0018,0x0008,0x01B0,0x02E8,0x02E8,0x02E8,0x02E8,0x02E8,0x02E8,0x01A8,
0x0008,0x0008,0x01A8,0x02E8,0x0038,0x0048,0x02E8,0x02E8,0x02E8,0x02E8,0x02E8,0x02E8,
0x02E8,0x02E8,0x02E8,0x02E8,0xE8C1,0x92C4,0xFBEE,0x5DFF,0x79DE,0x4952,0x0008,0x0008,
0x0008,0x0008,0x2008,0xEB62,0x3CEF,0xBEF7,0xF7BD,0x0421,0x0000,0x0000,0x0000,0x0000,
0x0000,0x0000,0x0000,0x0000,0x0000,0xB29C,0xBEF7,0xCF7B,0x0008,0x0008,0x0008,0x0008,
0x0010,0x01C0,0x02F0,0x02F0,0x02F0,0x02F0,0x02F0,0x02F0,0x02F0,0x02F0,0x02F0,0x02F0,
0x02F0,0x02F0,0x02F0,0x02F0,0x02F0,0x02F0,0x02F0,0x02F0,0x02F0,0x02F0,0x02F0,0x02F0,
0x02F0,0x02F0,0x02F0,0x02F0,0x02F0,0x02F0,0x02F0,0x02F0,0x02F0,0x02F0,0x02F0,0x02F0,
0x02F0,0x02F0,0x02F0,0x01C0,0x0030,0x0008,0x0008,0x0008,0x0008,0x0008,0x0008,0x0008,
0xCF83,0xBEF7,0xB6B5,0x0000,0x0000,0x0000,0x0000,0x0000,0x0000,0x0000,0x0000,0x0000,
0x0000,0x0000,0x0000,0x0000,0x0000,0x6108,0xA631,0xCB5A,0x0C63,0x0C63,0xCB5A,0x8631,
0x4108,0x0000,0x0000,0x0000,0x0000,0x0000,0x0000,0x0000,0x0000,0x0000,0x0000,0x0000,
0x0000,0x0000,0x0000,0x0000,0x0000,0x0000,0x0000,0x0000,0x0000,0x0000,0x0000,0x0000,
0x0000,0x0000,0x0000,0x0000,0x0000,0xE318,0x79D6,0xBEF7,0x34AD,0x8218,0x0008,0x0008,
0x0008,0x0008,0x0008,0x0040,0x01B8,0x0170,0x0008,0x0008,0x0150,0x02E8,0x0190,0x0008,
0x0160,0x02E8,0x02E8,0x02E8,0x02E8,0x02E8,0x02E8,0x02E8,0x0158,0x0008,0x0178,0x02E8,
0x0180,0x01A0,0x02E8,0x02E8,0x02E8,0x02E8,0x02E8,0x02E8,0x02E8,0x02E8,0x02E8,0x02E8,
0x02E8,0x02E8,0x63E0,0x8EBB,0xDBEE,0x5DFF,0xD3A4,0xA218,0x0008,0x0008,0x0008,0x0008,
0x2429,0x59CE,0xBEF7,0x3CEF,0xA631,0x0000,0x0000,0x0000,0x0000,0x0000,0x0000,0x0000,
0xCF7B,0xBEF7,0xD39C,0x0008,0x0008,0x0008,0x0008,0x0008,0x01A8,0x02F0,0x02F0,0x02F0,
0x02F0,0x02F0,0x02F0,0x02F0,0x02F0,0x02F0,0x02F0,0x02F0,0x02F0,0x02F0,0x02F0,0x02F0,
0x02F0,0x02F0,0x02F0,0x02F0,0x02F0,0x02F0,0x02F0,0x02F0,0x02F0,0x02F0,0x02F0,0x02F0,
0x02F0,0x02F0,0x02F0,0x02F0,0x02F0,0x02F0,0x02F0,0x02F0,0x02F0,0x02C0,0x0158,0x0008,
0x0008,0x0008,0x0008,0x0008,0x0008,0x0008,0x0008,0xEB62,0x9EF7,0xDBDE,0xA210,0x0000,
0x0000,0x0000,0x0000,0x0000,0x0000,0x0000,0x0000,0x0000,0x0000,0x0000,0x0421,0xAE73,
0x59CE,0xBEF7,0xBEF7,0xBEF7,0xBEF7,0xBEF7,0xBEF7,0xBEF7,0x9EF7,0x75AD,0x0421,0x0000,
0x0000,0x0000,0x0000,0x0000,0x0000,0x0000,0x0000,0x0000,0x0000,0x0000,0x0000,0x0000,
0x0000,0x0000,0x0000,0x0000,0x0000,0x0000,0x0000,0x0000,0x0000,0x0000,0x0000,0x0000,
0xC318,0x9AD6,0x9EF7,0x4D6B,0x0008,0x0008,0x0008,0x0008,0x0008,0x0020,0x01A8,0x02E8,
0x02E8,0x02E0,0x0038,0x0008,0x0008,0x01A8,0x02E8,0x0158,0x0020,0x02E8,0x02E8,0x02E8,
0x02E8,0x02E8,0x02E8,0x02E8,0x02E0,0x0040,0x0040,0x02E8,0x02E8,0x02E8,0x02E8,0x02E8,
0x02E8,0x02E8,0x02E8,0x02E8,0x02E8,0x02E8,0x02E8,0x02E8,0x02E8,0x02E8,0x02E8,0x02E8,
0x43E0,0x6EBB,0xDBEE,0x79DE,0x6531,0x0008,0x0008,0x0008,0x0008,0x6110,0xF3A4,0xBEF7,
0x3CEF,0xA631,0x0000,0x0000,0x0000,0x0000,0x0000,0x694A,0x9EF7,0xD7BD,0x4110,0x0008,
0x0008,0x0008,0x0008,0x0178,0x02F0,0x02F0,0x02F0,0x02F0,0x02F0,0x02F0,0x02F0,0x02F0,
0x02F0,0x02F0,0x02F0,0x02F0,0x02F0,0x02F0,0x02F0,0x02F0,0x02F0,0x02F0,0x02F0,0x02F0,
0x02F0,0x02F0,0x02F0,0x02F0,0x02F0,0x02F0,0x02F0,0x02F0,0x02F0,0x02F0,0x02F0,0x02F0,
0x02F0,0x02F0,0x02D0,0x0180,0x0038,0x0008,0x0008,0x0008,0x0008,0x0008,0x0008,0x0008,
0x0008,0x0008,0x8E73,0x9EF7,0x3CE7,0x8631,0x0000,0x0000,0x0000,0x0000,0x0000,0x0000,
0x0000,0x0000,0x0000,0x0000,0x694A,0xB6B5,0x9EF7,0x9EF7,0x34AD,0x0C63,0xC741,0x8218,
0x0008,0x0008,0x4110,0x8631,0xEF83,0x3CE7,0x3CE7,0xE741,0x0000,0x0000,0x0000,0x0000,
0x0000,0x0000,0x0000,0x0000,0x0000,0x0000,0x0000,0x0000,0x0000,0x0000,0x0000,0x0000,
0x0000,0x0000,0x0000,0x0000,0x0000,0x0000,0x0000,0x6108,0x79CE,0xBEF7,0x4D73,0x0008,
0x0008,0x0008,0x0008,0x0008,0x0158,0x02E0,0x02E8,0x02E8,0x02E8,0x02E8,0x01D0,0x0028,
0x0008,0x0018,0x02D8,0x02E8,0x0198,0x02E8,0x02E8,0x02E8,0x02E8,0x02E8,0x02E8,0x02E8,
0x02E8,0x02E8,0x02E8,0x02E8,0x02E8,0x02E8,0x02E8,0x02E8,0x02E8,0x02E8,0x02E8,0x02E8,
0x02E8,0x02E8,0x02E8,0x02E8,0x02E8,0x02E8,0x02E8,0x02E8,0x02E8,0x02E8,0xC5D8,0xD7D5,
0x1CEF,0x695A,0x0008,0x0008,0x0008,0x0008,0x0008,0xAE7B,0x9EF7,0x3CEF,0x8631,0x0000,
0x0000,0x0000,0x2429,0x5DEF,0x9AD6,0xA218,0x0008,0x0008,0x0008,0x0008,0x0040,0x02E8,
0x02F0,0x02F0,0x02F0,0x02F0,0x02F0,0x02F0,0x02F0,0x02F0,0x02F0,0x02F0,0x02F0,0x02F0,
0x02F0,0x02F0,0x02F0,0x02F0,0x02F0,0x02F0,0x02F0,0x02F0,0x02F0,0x02F0,0x02F0,0x02F0,
0x02F0,0x02F0,0x02F0,0x02E8,0x02D8,0x01B8,0x01A0,0x0180,0x0150,0x0020,0x0008,0x0008,
0x0008,0x0008,0x0008,0x0008,0x0008,0x0008,0x0008,0x0008,0xC320,0x34AD,0xBEF7,0xFBDE,
0x6529,0x0000,0x0000,0x0000,0x0000,0x0000,0x0000,0x0000,0x0000,0x0000,0x8A52,0x79CE,
0xBEF7,0x1CE7,0xEF83,0xE320,0x0008,0x0008,0x0008,0x0008,0x0008,0x0008,0x0008,0x0008,
0x0008,0xC320,0x18C6,0x5DEF,0x8631,0x0000,0x0000,0x0000,0x0000,0x0000,0x0000,0x0000,
0x0000,0x0000,0x0000,0x0000,0x0000,0x0000,0x0000,0x0000,0x0000,0x0000,0x0000,0x0000,
0x0000,0x0000,0x2000,0x96B5,0xBEF7,0xCF7B,0x0008,0x0008,0x0008,0x0008,0x0010,0x0198,
0x02E8,0x02E8,0x02E8,0x02E8,0x02E8,0x02E8,0x02E8,0x01D8,0x0038,0x0008,0x0050,0x02E8,
0x02E8,0x02E8,0x02E8,0x02E8,0x02E8,0x02E8,0x02E8,0x02E8,0x02E8,0x02E8,0x02E8,0x02E8,
0x02E8,0x02E8,0x02E8,0x02E8,0x02E8,0x02E8,0x02E8,0x02E8,0x02E8,0x02E8,0x02E8,0x02E8,
0x02E8,0x01D0,0x01C8,0x02E8,0x02E8,0x02E8,0x02E8,0x22E8,0xD3C4,0x3CF7,0xAA5A,0x0008,
0x0008,0x0008,0x0008,0x0008,0x2C6B,0x9EF7,0xBADE,0x8210,0x0000,0x6108,0x79D6,0x1CE7,
0x2429,0x0008,0x0008,0x0008,0x0008,0x0018,0x02D0,0x02F0,0x02F0,0x02F0,0x02F0,0x02F0,
0x02F0,0x02F0,0x02F0,0x02F0,0x02F0,0x02F0,0x02F0,0x02F0,0x02F0,0x02F0,0x02F0,0x02F0,
0x02F0,0x02F0,0x02F0,0x02F0,0x0CB3,0x2C9B,0xC779,0x8240,0x2018,0x0010,0x0008,0x0008,
0x0008,0x0008,0x0008,0x0008,0x0008,0x0008,0x0008,0x0008,0x0008,0x0008,0x0008,0x0008,
0x0008,0x0008,0x6110,0x6D73,0x3CEF,0xBEF7,0xD7BD,0xE318,0x0000,0x0000,0x0000,0x0000,
0x0000,0x0000,0x0000,0x0000,0x8631,0xF7C5,0xBEF7,0x1CE7,0xAE7B,0x6110,0x0008,0x0008,
0x0008,0x0008,0x0008,0x0008,0x6110,0xE320,0xE320,0x6110,0x0008,0x0008,0xC318,0x1CE7,
0x79CE,0x2000,0x0000,0x0000,0x0000,0x0000,0x0000,0x0000,0x0000,0x0000,0x0000,0x0000,
0x0000,0x0000,0x0000,0x0000,0x0000,0x0000,0x0000,0x0000,0x0000,0x0000,0xEF7B,0xBEF7,
0x14A5,0x0008,0x0008,0x0008,0x0008,0x0010,0x01B0,0x02E8,0x02E8,0x02E8,0x02E8,0x02E8,
0x02E8,0x02E8,0x02E8,0x02E8,0x02E8,0x01A0,0x0190,0x02E0,0x02E8,0x02E8,0x02E8,0x02E8,
0x02E8,0x02E8,0x02E8,0x02E8,0x02E8,0x02E8,0x02E8,0x02E8,0x02E8,0x02E8,0x02E8,0x02E8,
0x02E8,0x02E8,0x02E8,0x02E8,0x02E8,0x02E8,0x02E8,0x01A8,0x0030,0x0008,0x0008,0x0030,
0x01D8,0x02E8,0x02E8,0x02E8,0x22E8,0x14C5,0x3CF7,0xAA62,0x0008,0x0008,0x0008,0x0008,
0x0008,0xCB62,0x9EF7,0x75AD,0x0000,0x55AD,0x9EF7,0x494A,0x0008,0x0008,0x0008,0x0008,
0x0008,0x01A8,0x02F0,0x02F0,0x02F0,0x02F0,0x02F0,0x02F0,0x02F0,0x02F0,0x02F0,0x02F0,
0x02F0,0x02F0,0x02F0,0x02F0,0x02F0,0x02F0,0x02F0,0x02F0,0x02F0,0x02F0,0x02F0,0x02F0,
0xE5D8,0x79DE,0x7DFF,0x5DF7,0x79DE,0x55B5,0x108C,0xEB6A,0x6539,0x0010,0x0008,0x0008,
0x0008,0x0008,0x0008,0x0008,0x0008,0x0008,0x0008,0x2008,0x8639,0x518C,0x3CEF,0xBEF7,
0x3CE7,0x2C63,0x0000,0x0000,0x0000,0x0000,0x0000,0x0000,0x0000,0x0000,0x4108,0x308C,
0x9EF7,0x9EF7,0x9294,0xA218,0x0008,0x0008,0x0008,0x0008,0x4531,0xAE7B,0x96BD,0xDBE6,
0x7DF7,0x7DF7,0x7DF7,0x5DF7,0x6952,0x0008,0x0008,0xEF83,0xBEF7,0xAA52,0x0000,0x0000,
0x0000,0x0000,0x0000,0x0000,0x0000,0x0000,0x0000,0x0000,0x0000,0x0000,0x0000,0x0000,
0x0000,0x0000,0x0000,0x0000,0x0000,0xA631,0x9EF7,0x79D6,0x6110,0x0008,0x0008,0x0008,
0x0018,0x01C0,0x02E8,0x02E8,0x02E8,0x02E8,0x02E8,0x02E8,0x02E8,0x02E8,0x02E8,0x02E8,
0x02E8,0x02E8,0x02E8,0x02E8,0x02E8,0x02E8,0x02E8,0x02E8,0x02E8,0x02E8,0x02E8,0x02E8,
0x02E8,0x02E8,0x02E8,0x02E8,0x02E8,0x02E8,0x02E8,0x02E8,0x02E8,0x02E8,0x02E8,0x02E8,
0x02E8,0x01D0,0x0048,0x0008,0x0008,0x0008,0x0168,0x02E8,0x02E8,0x02E8,0x02E8,0x02E8,
0x02E8,0x22E8,0x18D6,0x1CEF,0x0429,0x0008,0x0008,0x0008,0x0008,0x0008,0x6D73,0xBEF7,
0x18C6,0xBEF7,0xEF83,0x0008,0x0008,0x0008,0x0008,0x0008,0x0168,0x02F0,0x02F0,0x02F0,
0x02F0,0x02F0,0x02F0,0x02F0,0x02F0,0x02F0,0x02F0,0x02F0,0x02F0,0x02F0,0x02F0,0x02F0,
0x02F0,0x02F0,0x02F0,0x02F0,0x02F0,0x02F0,0x02F0,0x02F0,0x02F0,0xA4E0,0xB6CD,0x7DFF,
0x7DFF,0x7DFF,0x7DFF,0x7DFF,0x6EBB,0x02E8,0x02D0,0x01A0,0x0008,0x0008,0x0008,0x0008,
0x0008,0x8218,0xF3A4,0x1CE7,0xBEF7,0xBEF7,0xDBDE,0x6D6B,0x6108,0x0421,0xEB5A,0x518C,
0x55AD,0xD7BD,0x18C6,0x96B5,0x14A5,0x1084,0x59CE,0xBEF7,0x59CE,0x8639,0x0008,0x0008,
0x0008,0x2008,0x4952,0xD7C5,0x7DF7,0x7DF7,0xDBE6,0x55C5,0x51BC,0x30BC,0xD3C4,0x18D6,
0xB6BD,0x0008,0x0008,0x2429,0x9EF7,0x55AD,0x0000,0x0000,0x0000,0x0000,0x0000,0x0000,
0x0000,0x0000,0x0000,0x0000,0x0000,0x0000,0x0000,0x0000,0x0000,0x0000,0x0000,0x0000,
0x2000,0x59CE,0x7DF7,0x6531,0x0008,0x0008,0x0008,0x0010,0x01B8,0x02E8,0x02E8,0x02E8,
0x02E8,0x02E8,0x02E8,0x02E8,0x02E8,0x02E8,0x02E8,0x02E8,0x02E8,0x02E8,0x02E8,0x02E8,
0x02E8,0x02E8,0x02E8,0x02E8,0x02E8,0x02E8,0x02E8,0x02E8,0x02E8,0x02E8,0x02E8,0x02E8,
0x02E8,0x02E8,0x02E8,0x02E8,0x02E8,0x02E8,0x02E8,0x02E8,0x01A0,0x0018,0x0008,0x0008,
0x0008,0x0008,0x0020,0x02E8,0x02E8,0x02E8,0x02E8,0x02E8,0x02E8,0x02E8,0x66D1,0x3CF7,
0xF3AC,0x0008,0x0008,0x0008,0x0008,0x0008,0x2008,0x38CE,0xBEF7,0x75B5,0x2008,0x0008,
0x0008,0x0008,0x0008,0x0030,0x02E8,0x02F0,0x02F0,0x02F0,0x02F0,0x02F0,0x02F0,0x02F0,
0x02F0,0x02F0,0x02F0,0x02F0,0x02F0,0x02F0,0x02F0,0x02F0,0x02F0,0x02F0,0x02F0,0x02F0,
0x02F0,0x02F0,0x02F0,0x02F0,0x02F0,0x02F0,0x22E8,0x6EBB,0x1CEF,0x7DFF,0x7DFF,0xFBEE,
0x63E0,0x02F0,0x02F0,0x0160,0x0008,0x0008,0x0008,0x0008,0x0008,0xE741,0xBEF7,0xDBDE,
0x518C,0xE741,0xE318,0xCF7B,0x9AD6,0xBEF7,0xBEF7,0xBEF7,0x3CEF,0x38CE,0x55AD,0x34AD,
0xB29C,0x14A5,0x75B5,0xEF83,0x4110,0x0008,0x0008,0x0008,0x2429,0x96BD,0x9AE6,0x92BC,
0x8AAA,0xC388,0x0198,0x02E0,0x02F0,0x02F0,0x02F0,0x02F0,0xA3A8,0x0008,0x0008,0x0008,
0xFBE6,0xFBE6,0x0000,0x0000,0x0000,0x0000,0x0000,0x0000,0x0000,0x0000,0x0000,0x0000,
0x0000,0x0000,0x0000,0x0000,0x0000,0x0000,0x0000,0x0000,0x4D6B,0xBEF7,0x1084,0x0008,
0x0008,0x0008,0x0008,0x01A0,0x02E8,0x02E8,0x02E8,0x02E8,0x02E8,0x02E8,0x02E8,0x02E8,
0x02E8,0x02E8,0x02E8,0x02E8,0x02E8,0x02E8,0x02E8,0x02E8,0x02E8,0x02E8,0x02E8,0x02E8,
0x02E8,0x02E8,0x02E8,0x02E8,0x02E8,0x02E8,0x02E8,0x02E8,0x02E8,0x02E8,0x02E8,0x02E8,
0x02E8,0x02E8,0x02E8,0x0170,0x0008,0x0008,0x4952,0xF3A4,0x8531,0x0008,0x0008,0x01A8,
0x02E8,0x02E8,0x02E8,0x02E8,0x02E8,0x02E8,0x02E8,0x10BC,0x3CF7,0xC320,0x0008,0x0008,
0x0008,0x0008,0x0008,0xC739,0x9AD6,0xA218,0x0008,0x0008,0x0008,0x0008,0x0008,0x01B8,
0x02F0,0x02F0,0x02F0,0x02F0,0x02F0,0x02F0,0x02F0,0x02F0,0x02F0,0x02F0,0x02F0,0x02F0,
0x02F0,0x02F0,0x02F0,0x02F0,0x02F0,0x02F0,0x02F0,0x02F0,0x02F0,0x02F0,0x02F0,0x02F0,
0x02F0,0x02F0,0x02F0,0x02F0,0xABC2,0x7DFF,0x7DFF,0x4DBB,0x02F0,0x02F0,0x02D0,0x0010,
0x0008,0x0008,0x0008,0x0008,0x0008,0xAE7B,0xBEF7,0xE741,0xA210,0x718C,0x7DEF,0xBEF7,
0x3CEF,0xD39C,0xCB62,0x0429,0x0008,0x0008,0x0008,0x0008,0x0008,0x0008,0x0008,0x0008,
0x0008,0x0008,0x0008,0x8651,0xAFB3,0xA7C9,0x01A8,0x0050,0x0018,0x0068,0x01C8,0x02F0,
0x67F1,0xA4F0,0x02F0,0x02F0,0x0180,0x0008,0x0008,0x0008,0x38CE,0xBEF7,0x2000,0x0000,
0x0000,0x0000,0x0000,0x0000,0x0000,0x0000,0x0000,0x0000,0x0000,0x0000,0x0000,0x0000,
0x0000,0x0000,0x0000,0x4108,0x1CE7,0x9AD6,0x6110,0x0008,0x0008,0x0008,0x0160,0x02E8,
0x02E8,0x02E8,0x02E8,0x02E8,0x02E8,0x02E8,0x02E8,0x02E8,0x02E8,0x02E8,0x02E8,0x02E8,
0x02E8,0x02E8,0x02E8,0x02E8,0x02E8,0x02E8,0x02E8,0x02E8,0x02E8,0x02E8,0x02E8,0x02E8,
0x02E8,0x02E8,0x02E8,0x02E8,0x02E8,0x02E8,0x02E8,0x02E8,0x02E8,0x02E8,0x0050,0x0008,
0x0008,0x0008,0x55B5,0x3CF7,0x108C,0x0008,0x0008,0x0058,0x02E8,0x02E8,0x02E8,0x02E8,
0x02E8,0x02E8,0x02E8,0xA4D8,0x1CEF,0x8661,0x0008,0x0008,0x0008,0x0008,0x0008,0x0008,
0xA218,0x0008,0x0008,0x0008,0x0008,0x0008,0x0038,0x02F0,0x02F0,0x02F0,0x02F0,0x02F0,
0x02F0,0x02F0,0x02F0,0x02F0,0x02F0,0x02F0,0x02F0,0x02F0,0x02F0,0x02F0,0x02F0,0x02F0,
0x02F0,0x02F0,0x02F0,0x02F0,0x02F0,0x02F0,0x02F0,0x02F0,0x02F0,0x02F0,0x02F0,0xA4D8,
0xBAE6,0x7DFF,0x18D6,0x22E8,0x02F0,0x02F0,0x0150,0x0008,0x0008,0x0008,0x0008,0x0008,
0x0008,0x38CE,0xBEF7,0xF39C,0x3CE7,0xBEF7,0xF7C5,0x8A52,0x4110,0x0008,0x0008,0x0008,
0x0008,0x0008,0x0008,0x0008,0x0008,0x0008,0x0008,0x0008,0x0008,0x0010,0x0188,0x02F0,
0x01C0,0x0040,0x0018,0x0170,0x02D8,0x02F0,0x02F0,0x63F0,0xF4F4,0x02F0,0x02F0,0x02F0,
0x0050,0x0008,0x0008,0x0008,0x96B5,0x9EF7,0x4108,0x0000,0x0000,0x0000,0x0000,0x0000,
0x0000,0x0000,0x0000,0x0000,0x0000,0x0000,0x0000,0x0000,0x0000,0x0000,0x0000,0x6D6B,
0xBEF7,0xAA5A,0x0008,0x0008,0x0008,0x0008,0x01D0,0x02E8,0x02E8,0x02E8,0x0168,0x0170,
0x0180,0x01A0,0x02D8,0x02E8,0x02E8,0x02E8,0x02E8,0x02E8,0x02E8,0x02E8,0x02E8,0x02E8,
0x02E8,0x02E8,0x02E8,0x02E8,0x02E8,0x02E8,0x02E8,0x02E8,0x02E8,0x02E8,0x02E8,0x02E8,
0x02E8,0x02E8,0x02E8,0x02E8,0x02E8,0x0048,0x0008,0x0008,0x0008,0x0008,0xD3A4,0x38CE,
0xA639,0x0008,0x0008,0x0018,0x02E8,0x02E8,0x02E8,0x02E8,0x02E8,0x02E8,0x02E8,0x02E8,
0x10BC,0x26A9,0x0008,0x0008,0x0008,0x0008,0x0008,0x0008,0x0008,0x0008,0x0008,0x0008,
0x0008,0x0008,0x01A8,0x02F0,0x02F0,0x02F0,0x02F0,0x02F0,0x02F0,0x02F0,0x02F0,0x02F0,
0x02F0,0x02F0,0x02F0,0x02F0,0x02F0,0x02F0,0x02F0,0x02F0,0x02F0,0x02F0,0x02F0,0x02F0,
0x02F0,0x02F0,0x02F0,0x02F0,0x02F0,0x02F0,0x22E8,0x96CD,0x7DFF,0x1CEF,0x46D1,0x02F0,
0x02F0,0x01A8,0x0008,0x0008,0x0008,0x0008,0x0008,0x0008,0x284A,0xBEF7,0xBEF7,0xBEF7,
0x18C6,0xE741,0x0008,0x0008,0x0008,0x0008,0x0008,0x0008,0xC320,0xA639,0x084A,0xE749,
0x4531,0x6110,0x0008,0x0008,0x0030,0x01C8,0x02E8,0x0070,0x0010,0x0060,0x02D0,0x02F0,
0x02F0,0x02F0,0x02F0,0xD4F4,0x8FF3,0x02F0,0x02F0,0x02E8,0x0018,0x0008,0x0008,0x0008,
0xD7BD,0x9AD6,0x0000,0x0000,0x0000,0x0000,0x0000,0x0000,0x0000,0x0000,0x0000,0x0000,
0x0000,0x0000,0x0000,0x0000,0x0000,0x0000,0x0000,0xBADE,0x79D6,0x2008,0x0008,0x0008,
0x0008,0x0160,0x02E8,0x02E8,0x02E8,0x02D8,0x0048,0x0010,0x0000,0x0000,0x0000,0x0030,
0x0178,0x01C8,0x02E8,0x02E8,0x02E8,0x02E8,0x02E8,0x02E8,0x02E8,0x02E8,0x02E8,0x02E8,
0x02E8,0x02E8,0x02E8,0x02E8,0x02E8,0x02E8,0x02E8,0x02E8,0x01A8,0x0190,0x01B0,0x0180,
0x0020,0x0008,0x0008,0x0008,0x0008,0x0008,0x0008,0x0008,0x0008,0x0008,0x0008,0x0008,
0x02E0,0x02E8,0x02E8,0x02E8,0x02E8,0x02E8,0x02E8,0x02E8,0x49B2,0x83D8,0x0018,0x0008,
0x0008,0x0008,0x0008,0x0008,0x0008,0x0008,0x0008,0x0008,0x0008,0x0018,0x02E8,0x02F0,
0x02F0,0x02F0,0x02F0,0x02F0,0x02F0,0x02F0,0x02F0,0x02F0,0x02F0,0x02F0,0x02F0,0x02F0,
0x02F0,0x02F0,0x02F0,0x02F0,0x02F0,0x02F0,0x02F0,0x02F0,0x02F0,0x02F0,0x02F0,0x02F0,
0x02F0,0x02F0,0x72BC,0x7DFF,0x7DF7,0x6AC2,0x02F0,0x02F0,0x02D8,0x0020,0x0008,0x0008,
0x0008,0x0008,0x0008,0x6110,0x9AD6,0xBEF7,0x3CEF,0xEB62,0x2008,0x0008,0x0008,0x0008,
0x2008,0x4952,0xB2A4,0x79DE,0x3CF7,0x3CF7,0x3CF7,0x3CF7,0x3CF7,0xFBEE,0xCF8B,0x2170,
0x02E8,0x02D8,0x0040,0x0030,0x01B0,0x02F0,0x02F0,0x02F0,0x02F0,0x02F0,0x0DF3,0xDBFE,
0x84F0,0x02F0,0x02F0,0x01B0,0x0008,0x0008,0x0008,0x0008,0x59CE,0x34AD,0x0000,0x0000,
0x0000,0x0000,0x0000,0x0000,0x0000,0x0000,0x0000,0x0000,0x0000,0x0000,0x0000,0x0000,
0x0000,0x0000,0x0842,0xBEF7,0xCB62,0x0008,0x0008,0x0008,0x0008,0x01C8,0x02E8,0x02E8,
0x02E8,0x02E8,0x02E8,0x0040,0x0000,0x0000,0x0000,0x0000,0x0000,0x0000,0x0038,0x0188,
0x02D8,0x02E8,0x02E8,0x02E8,0x02E8,0x02E8,0x01B0,0x02E8,0x02E8,0x02E8,0x02E8,0x02E8,
0x02E8,0x02E8,0x02E8,0x02E8,0x01A0,0x0008,0x0008,0x0008,0x0008,0x0008,0x0008,0x0008,
0x0008,0x0008,0x0008,0x0008,0x0008,0x0008,0x0008,0x0008,0x01D0,0x02E8,0x02E8,0x02E8,
0x02E8,0x02E8,0x02E8,0x02E8,0xC4D0,0x02E8,0x0038,0x0008,0x0008,0x0008,0x0008,0x0008,
0x0008,0x0008,0x0010,0x0008,0x0008,0x0158,0x02F0,0x02F0,0x02F0,0x02F0,0x02F0,0x02F0,
0x02F0,0x02F0,0x02F0,0x02F0,0x02F0,0x02F0,0x02F0,0x02F0,0x02F0,0x02F0,0x02F0,0x02F0,
0x02F0,0x02F0,0x02F0,0x02F0,0x02F0,0x02F0,0x02F0,0x02F0,0x02F0,0xCFBB,0x7DFF,0x7DFF,
0x0DBB,0x02F0,0x02F0,0x02E0,0x0038,0x0008,0x0008,0x0008,0x0008,0x0008,0x0008,0x2008,
0x6D73,0x55AD,0x0429,0x0008,0x0008,0x0008,0x2008,0xAA5A,0x38D6,0xF7D5,0xD3C4,0xF0BB,
0x6EBB,0x6EBB,0x4D93,0x6D9B,0x8EA3,0x4DB3,0xC4D8,0x02F0,0x02D0,0x0028,0x0180,0x02E8,
0x02F0,0x02F0,0x02F0,0x02F0,0x02F0,0x67F1,0x1CFF,0xCCF2,0x02F0,0x02F0,0x02F0,0x0168,
0x0008,0x0008,0x0008,0x2008,0xFBE6,0xCF7B,0x0000,0x0000,0x0000,0x0000,0x0000,0x0000,
0x0000,0x0000,0x0000,0x0000,0x0000,0x0000,0x0000,0x0000,0x0000,0x0000,0xF39C,0x7DEF,
0x6110,0x0008,0x0008,0x0008,0x0030,0x02E8,0x02E8,0x02E8,0x02E8,0x02E8,0x02E8,0x0040,
0x0000,0x0000,0x0000,0x0000,0x0000,0x0000,0x0000,0x0000,0x0008,0x0048,0x01A0,0x02E0,
0x02E8,0x01B8,0x0018,0x02E0,0x02E8,0x02E8,0x02E8,0x02E8,0x02E8,0x02E8,0x02E8,0x02E8,
0x02E8,0x01B8,0x0180,0x0190,0x0038,0x0008,0x0008,0x0008,0x0008,0x0008,0x0008,0x0008,
0x2010,0xC771,0x8EBB,0xB3DC,0x93F4,0x4AF2,0x43F0,0x02E8,0x02E8,0x02E8,0x02E8,0x02E8,
0x02E8,0x02E8,0x0040,0x0008,0x0008,0x0008,0x0008,0x0008,0x0008,0x0008,0x0158,0x0008,
0x0008,0x0198,0x02F0,0x02F0,0x02F0,0x02F0,0x02F0,0x02F0,0x02F0,0x02F0,0x02F0,0x02F0,
0x02F0,0x02F0,0x02F0,0x02F0,0x02F0,0x02F0,0x02F0,0x02F0,0x02F0,0x02F0,0x02F0,0x02F0,
0x02F0,0x02F0,0x02F0,0x02F0,0x6EBB,0x7DFF,0x3CF7,0xABBA,0x02F0,0x02F0,0x02E0,0x0048,
0x0008,0x0008,0x0008,0x0008,0x0008,0x0008,0x0008,0x0008,0x0008,0x0008,0x0008,0x0008,
0x0008,0xC320,0x4D9B,0x6AC2,0x84E0,0x02F0,0x01B0,0x0048,0x0028,0x0018,0x0028,0x4290,
0x02E8,0x02F0,0x02F0,0x02D8,0x0048,0x01B0,0x02F0,0x02F0,0x02F0,0x02F0,0x02F0,0x02F0,
0x63F0,0x39FE,0x31F4,0x02F0,0x02F0,0x02F0,0x02E8,0x0018,0x0008,0x0008,0x0008,0xC741,
0xBEF7,0x494A,0x0000,0x0000,0x0000,0x0000,0x0000,0x0000,0x0000,0x0000,0x0000,0x0000,
0x0000,0x0000,0x0000,0x0000,0x0000,0x0000,0x1CE7,0x96B5,0x0008,0x0008,0x0008,0x0008,
0x0178,0x02E8,0x02E8,0x02E8,0x02E8,0x02E8,0x02E8,0x0048,0x0000,0x0000,0x0000,0x0000,
0x0000,0x0000,0xCB62,0x14AD,0x8639,0x0000,0x0000,0x0010,0x0028,0x0000,0x0018,0x02E8,
0x02E8,0x02E8,0x02E8,0x02E8,0x02E8,0x02E8,0x02E8,0x02E8,0x02E8,0x02E8,0x02E8,0x02E8,
0x0190,0x0008,0x0008,0x0008,0x0008,0x0008,0x2449,0x10CC,0x7AF6,0xFBF6,0xBAF6,0x39F6,
0xD7F5,0x96F5,0xB3F4,0x43F0,0x02E8,0x02E8,0x02E8,0x02E8,0x02E8,0x02E8,0x0038,0x0008,
0x0008,0x0008,0x0008,0x0008,0x0008,0x0038,0x0170,0x0008,0x0008,0x01B8,0x02F0,0x02F0,
0x02F0,0x02F0,0x02F0,0x02F0,0x02F0,0x02F0,0x02F0,0x02F0,0x02F0,0x02F0,0x02F0,0x02F0,
0x02F0,0x02F0,0x02F0,0x02F0,0x02F0,0x02F0,0x02F0,0x02F0,0x02F0,0x02F0,0x22E8,0x31BC,
0x7DFF,0x59DE,0x67C9,0x02F0,0x02F0,0x02D8,0x0038,0x0008,0x0008,0x0008,0x0008,0x0008,
0x0008,0x0008,0x0008,0x0008,0x0008,0x0008,0x0008,0x0008,0x0150,0x43D0,0x02F0,0x02E0,
0x0060,0x0020,0x0018,0x0018,0x0050,0x01C8,0x02F0,0x02F0,0x02F0,0x02F0,0x02F0,0x01A8,
0x02D8,0x02F0,0x02F0,0x02F0,0x02F0,0x02F0,0x02F0,0x02F0,0x72F4,0x31F4,0x22F0,0x02F0,
0x02F0,0x02F0,0x0190,0x0008,0x0008,0x0008,0x0008,0x7194,0x7DEF,0x4108,0x0000,0x0000,
0x0000,0x0000,0x0000,0x0000,0x0000,0x0000,0x0000,0x0000,0x0000,0x0000,0x0000,0x0000,
0x0000,0xC739,0xBEF7,0x6D73,0x0008,0x0008,0x0008,0x0008,0x01B8,0x02E8,0x02E8,0x02E8,
0x02E8,0x02E8,0x02E8,0x0050,0x0000,0x0000,0x0000,0x0000,0x0000,0x0000,0x6D73,0x1CEF,
0x14AD,0x0000,0x0000,0x0000,0x0000,0x0008,0x0190,0x02E8,0x02E8,0x02E8,0x02E8,0x02E8,
0x02E8,0x02E8,0x02E8,0x02E8,0x02E8,0x02E8,0x02E8,0x02E8,0x02E8,0x0030,0x0008,0x0008,
0x8228,0xCBBA,0xB0F3,0x6BF2,0x67F1,0x84E8,0x02E8,0x02E8,0x02E8,0x02E8,0x02E8,0x02E8,
0x02E8,0x02E8,0x02E8,0x02E8,0x02E8,0x02E8,0x0018,0x0008,0x0008,0x0008,0x0008,0x0008,
0x0008,0x0180,0x0170,0x0008,0x0008,0x02D8,0x02F0,0x02F0,0x02F0,0x02F0,0x02F0,0x02F0,
0x02F0,0x02F0,0x02F0,0x02F0,0x02F0,0x02F0,0x02F0,0x02F0,0x02F0,0x02F0,0x02F0,0x02F0,
0x02F0,0x02F0,0x02F0,0x02F0,0x02F0,0x63E0,0x14C5,0x3CEF,0x8EBB,0x43E8,0x02F0,0x02F0,
0x01B0,0x0020,0x0008,0x0008,0x0008,0x0008,0x0008,0x0008,0x0008,0x0008,0x0008,0x0008,
0x0008,0x0008,0x0010,0x0198,0x02F0,0x02E8,0x0168,0x0018,0x0018,0x0028,0x0188,0x02E8,
0x02F0,0x02F0,0x02F0,0x02F0,0x02F0,0x02F0,0x02F0,0x02F0,0x02F0,0x02F0,0x02F0,0x02F0,
0x02F0,0x02F0,0x02F0,0x02F0,0x09F2,0x02F0,0x02F0,0x02F0,0x02F0,0x02E8,0x0028,0x0008,
0x0008,0x0008,0x2008,0xFBE6,0x75B5,0x0000,0x0000,0x0000,0x0000,0x0000,0x0000,0x0000,
0x0000,0x0000,0x0000,0x0000,0x0000,0x0000,0x0000,0x0000,0x0000,0x2C63,0xBEF7,0xE741,
0x0008,0x0008,0x0008,0x0008,0x02E0,0x02E8,0x02E8,0x02E8,0x02E8,0x02E8,0x02E8,0x0160,
0x0000,0x0000,0x0000,0x0000,0x0000,0x0000,0x0000,0x0000,0x0000,0x0000,0x0000,0x0020,
0x0168,0x01C0,0x02E8,0x02E8,0x02E8,0x02E8,0x02E8,0x02E8,0x02E8,0x02E8,0x02E8,0x02E8,
0x02E8,0x02E8,0x02E8,0x02E8,0x02E8,0x01C8,0x0020,0x0178,0x02E0,0x02E8,0x02E8,0x02E8,
0x02E8,0x02E8,0x02E8,0x02E8,0x02E8,0x02E8,0x02E8,0x02E8,0x02E8,0x02E8,0x02E8,0x02E8,
0x02E8,0x01C8,0x0008,0x0008,0x0008,0x0008,0x0008,0x0008,0x0008,0x01B0,0x0178,0x0008,
0x0010,0x02F0,0x02F0,0x02F0,0x02F0,0x02F0,0x02F0,0x02F0,0x02F0,0x02F0,0x02F0,0x02F0,
0x02F0,0x02F0,0x02F0,0x02F0,0x02F0,0x02F0,0x02F0,0x02F0,0x02F0,0x02F0,0x02F0,0x02F0,
0x87C9,0x96CD,0xAFBB,0x84E0,0x02F0,0x02F0,0x02D8,0x0158,0x0008,0x0008,0x0008,0x0008,
0x0008,0x0010,0x0170,0x02C0,0x02E0,0x02E0,0x01C8,0x0198,0x0040,0x0030,0x01C8,0x02F0,
0x01B0,0x0018,0x0018,0x0040,0x01C0,0x02F0,0x02F0,0x02F0,0x02F0,0x02F0,0x02F0,0x02F0,
0x02F0,0x02F0,0x02F0,0x02F0,0x02F0,0x02F0,0x02F0,0x02F0,0x02F0,0x02F0,0x02F0,0x02F0,
0x02F0,0x02F0,0x02F0,0x02F0,0x02F0,0x0198,0x0008,0x0008,0x0008,0x0008,0x284A,0xBEF7,
0x2C63,0x0000,0x0000,0x0000,0x0000,0x0000,0x0000,0x0000,0x0000,0x0000,0x0000,0x0000,
0x0000,0x0000,0x0000,0x0000,0x0000,0x518C,0xBEF7,0xC320,0x0008,0x0008,0x0008,0x0020,
0x02E8,0x02E8,0x02E8,0x02E8,0x02E8,0x02E8,0x02E8,0x0190,0x0000,0x0000,0x0000,0x0000,
0x0000,0x0000,0x0000,0x0000,0x0000,0x0000,0x0000,0x0038,0x02E8,0x02E8,0x02E8,0x02E8,
0x02E8,0x02E8,0x02E8,0x02E8,0x02E8,0x02E8,0x02E8,0x02E8,0x02E8,0x02E8,0x02E8,0x02E8,
0x02E8,0x02E8,0x02E8,0x02E8,0x02E8,0x02E8,0x01B8,0x01B0,0x01C8,0x02E8,0x02E8,0x02E8,
0x02E8,0x02E8,0x02E8,0x02E8,0x02E8,0x02E8,0x02E8,0x02E8,0x02E8,0x0170,0x0008,0x0008,
0x0008,0x0008,0x0008,0x0008,0x0008,0x02D8,0x0198,0x0008,0x0008,0x02F0,0x02F0,0x02F0,
0x02F0,0x02F0,0x02F0,0x02F0,0x02F0,0x02F0,0x02F0,0x02F0,0x02F0,0x02F0,0x02F0,0x02F0,
0x02F0,0x02F0,0x02F0,0x02F0,0x02F0,0x02F0,0x02F0,0x84E0,0xA8C9,0x22E8,0x02F0,0x02F0,
0x02D0,0x0168,0x0010,0x0008,0x0008,0x0008,0x0008,0x0020,0x0180,0x02E0,0x02F0,0x02F0,
0x02F0,0x02F0,0x02F0,0x02F0,0x02F0,0x02E8,0x02F0,0x0170,0x0020,0x0058,0x02E0,0x02F0,
0x02F0,0x02F0,0x02F0,0x02F0,0x02F0,0x02F0,0x02F0,0x02F0,0x02F0,0x02F0,0x02F0,0x02F0,
0x02F0,0x02F0,0x02F0,0x02F0,0x02F0,0x02F0,0x02F0,0x02F0,0x02F0,0x02F0,0x02F0,0x02F0,
0x02E0,0x0020,0x0008,0x0008,0x0008,0x0008,0x34AD,0x7DF7,0xC318,0x0000,0x0000,0x0000,
0x0000,0x0000,0x0000,0x0000,0x0000,0x0000,0x0000,0x0000,0x0000,0x0000,0x0000,0x0000,
0x0000,0x34A5,0x5DEF,0x2008,0x0008,0x0008,0x0008,0x0030,0x02E8,0x02E8,0x02E8,0x02E8,
0x02E8,0x02E8,0x02E8,0x02E0,0x0018,0x0000,0x0000,0x0000,0x0000,0x0000,0x0000,0x0000,
0x0000,0x0000,0x0000,0x0008,0x02D8,0x02E8,0x02E8,0x02E8,0x02E8,0x02E8,0x02E8,0x02E8,
0x02E8,0x02E8,0x02E8,0x02E8,0x02E8,0x02E8,0x02E8,0x02E8,0x02E8,0x02E8,0x02E8,0x02E8,
0x02E0,0x0040,0x0010,0x0010,0x0010,0x0020,0x0178,0x02E0,0x02E8,0x02E8,0x02E8,0x02E8,
0x02E8,0x02E8,0x02E8,0x02E8,0x02E8,0x0020,0x0008,0x0008,0x0008,0x0008,0x0008,0x0008,
0x0008,0x02E8,0x01B8,0x0008,0x0008,0x02E8,0x02F0,0x02F0,0x02F0,0x02F0,0x02F0,0x02F0,
0x02F0,0x02F0,0x02F0,0x02F0,0x02F0,0x02F0,0x02F0,0x02F0,0x02F0,0x02F0,0x02F0,0x02F0,
0x02F0,0x02F0,0x02F0,0x02F0,0x02F0,0x02C0,0x0180,0x0038,0x0008,0x0008,0x0008,0x0008,
0x0008,0x0030,0x0198,0x02E8,0x02F0,0x02F0,0x02F0,0x02F0,0x02F0,0x02F0,0x02F0,0x02F0,
0x02F0,0x02F0,0x02C8,0x0188,0x02E8,0x02F0,0x02F0,0x02F0,0x02F0,0x02F0,0x02F0,0x02F0,
0x02F0,0x02F0,0x02F0,0x02F0,0x02F0,0x02F0,0x02F0,0x02F0,0x02F0,0x02F0,0x02F0,0x02F0,
0x02F0,0x02F0,0x02F0,0x02F0,0x02F0,0x02F0,0x02F0,0x02F0,0x0170,0x0008,0x0008,0x0008,
0x0008,0x2429,0x9EF7,0x14A5,0x0000,0x0000,0x0000,0x0000,0x0000,0x0000,0x0000,0x0000,
0x0000,0x0000,0x0000,0x0000,0x0000,0x0000,0x0000,0x0000,0x0000,0x75B5,0x1CE7,0x0008,
0x0008,0x0008,0x0008,0x0030,0x02E8,0x02E8,0x02E8,0x02E8,0x02E8,0x02E8,0x02E8,0x02E8,
0x01A8,0x0008,0x0000,0x0000,0x0010,0x0030,0x0048,0x0058,0x0168,0x0160,0x0050,0x0030,
0x01C8,0x02E8,0x02E8,0x02E8,0x02E8,0x02E8,0x02E8,0x02E8,0x02E8,0x02E8,0x02E8,0x02E8,
0x02E8,0x02E8,0x02E8,0x02E8,0x02E8,0x02E8,0x02E8,0x02E8,0x02E8,0x0038,0x0010,0x0038,
0x01A8,0x0188,0x0188,0x01C0,0x02E8,0x02E8,0x02E8,0x02E8,0x02E8,0x02E8,0x02E8,0x02E8,
0x0198,0x0008,0x0008,0x0008,0x0008,0x0008,0x0008,0x0008,0x0010,0x02F0,0x02E8,0x0010,
0x0008,0x02D8,0x02F0,0x02F0,0x02F0,0x02F0,0x02F0,0x02F0,0x02F0,0x02F0,0x02F0,0x02F0,
0x02F0,0x02F0,0x02F0,0x02F0,0x02F0,0x02F0,0x02F0,0x02E8,0x02D0,0x01B0,0x0180,0x0150,
0x0018,0x0008,0x0008,0x0008,0x0008,0x0008,0x0008,0x0040,0x01A8,0x02E8,0x02F0,0x02F0,
0x02F0,0x02F0,0x02F0,0x02F0,0x02F0,0x02F0,0x02F0,0x02F0,0x02F0,0x02F0,0x02F0,0x02F0,
0x02F0,0x02F0,0x02F0,0x02F0,0x02F0,0x02F0,0x02F0,0x02F0,0x02F0,0x02F0,0x02F0,0x02F0,
0x02F0,0x02F0,0x02F0,0x02F0,0x02F0,0x02F0,0x02F0,0x02F0,0x02F0,0x02F0,0x02F0,0x02F0,
0x02F0,0x02F0,0x02F0,0x01B8,0x0010,0x0008,0x0008,0x0008,0x0008,0x9294,0xBEF7,0xA631,
0x0000,0x0000,0x0000,0x0000,0x0000,0x0000,0x0000,0x0000,0x0000,0x0000,0x0000,0x0000,
0x0000,0x0000,0x0000,0x0000,0x0000,0x96B5,0x3CEF,0x0008,0x0008,0x0008,0x0008,0x0018,
0x02E8,0x02E8,0x02E8,0x02E8,0x02E8,0x02E8,0x02E8,0x02E8,0x02E8,0x01B8,0x01A8,0x01D0,
0x02E8,0x02E8,0x02E8,0x02E8,0x02E8,0x02E8,0x02E8,0x02E8,0x02E8,0x02E8,0x02E8,0x02E8,
0x02E8,0x02E8,0x02E8,0x02E8,0x02E8,0x02E8,0x02E8,0x02E8,0x02E8,0x02E8,0x02E8,0x02E8,
0x02E8,0x02E8,0x02E8,0x01C8,0x0058,0x0010,0x0040,0x02E0,0x02E8,0x02E8,0x02E8,0x02E8,
0x02E8,0x02E8,0x02E8,0x02E8,0x02E8,0x02E8,0x02E8,0x02E8,0x0028,0x0008,0x0008,0x0008,
0x0008,0x0008,0x0008,0x0008,0x0008,0x02E0,0x02F0,0x0050,0x0008,0x01A8,0x02F0,0x02F0,
0x02F0,0x02F0,0x02F0,0x02F0,0x02F0,0x02F0,0x02F0,0x02F0,0x02F0,0x02F0,0x02F0,0x01B8,
0x0160,0x0040,0x0030,0x0010,0x0008,0x0008,0x0008,0x0008,0x0008,0x0008,0x0008,0x0008,
0x0018,0x0168,0x02C0,0x02F0,0x02F0,0x02F0,0x02F0,0x02F0,0x02F0,0x02F0,0x02F0,0x02F0,
0x02F0,0x02F0,0x02F0,0x02F0,0x02F0,0x02F0,0x02F0,0x02F0,0x02F0,0x02F0,0x02F0,0x02F0,
0x02F0,0x02F0,0x02F0,0x02F0,0x02F0,0x02F0,0x02F0,0x02F0,0x02F0,0x02F0,0x02F0,0x02F0,
0x02F0,0x02F0,0x02F0,0x02F0,0x02F0,0x02F0,0x02F0,0x02F0,0x02F0,0x02F0,0x02D8,0x0020,
0x0008,0x0008,0x0008,0x0008,0xA218,0x5DEF,0x18C6,0x0000,0x0000,0x0000,0x0000,0x0000,
0x0000,0x0000,0x0000,0x0000,0x0000,0x0000,0x0000,0x0000,0x0000,0x0000,0x0000,0x0000,
0x0000,0x14A5,0x7DEF,0x2008,0x0008,0x0008,0x0008,0x0008,0x02E0,0x02E8,0x02E8,0x02E8,
0x02E8,0x02E8,0x02E8,0x02E8,0x02E8,0x02E8,0x02E8,0x02E8,0x02E8,0x02E8,0x02E8,0x02E8,
0x02E8,0x02E8,0x02E8,0x02E8,0x02E8,0x02E8,0x02E8,0x02E8,0x02E8,0x02E8,0x02E8,0x02E8,
0x02E8,0x02E8,0x02E8,0x02E8,0x02E8,0x02E8,0x02E8,0x02E8,0x02E8,0x01D0,0x0060,0x0010,
0x0010,0x0058,0x02E8,0x02E8,0x02E8,0x02E8,0x02E8,0x02E8,0x02E8,0x02E8,0x02E8,0x02E8,
0x02E8,0x02E8,0x02E8,0x0190,0x0008,0x0008,0x0008,0x0008,0x0040,0x02D8,0x0028,0x0008,
0x0008,0x01C8,0x02F0,0x01A0,0x0008,0x0170,0x02F0,0x02F0,0x02F0,0x02F0,0x02F0,0x02F0,
0x02F0,0x02F0,0x02F0,0x02F0,0x02F0,0x02F0,0x02F0,0x02F0,0x02E8,0x01B8,0x0180,0x0158,
0x0038,0x0028,0x0028,0x0028,0x0038,0x0158,0x0180,0x01B8,0x02E8,0x02F0,0x02F0,0x02F0,
0x02F0,0x02F0,0x02F0,0x02F0,0x02F0,0x02F0,0x02F0,0x02F0,0x02F0,0x02F0,0x02F0,0x02F0,
0x02F0,0x02F0,0x02F0,0x02F0,0x02F0,0x02F0,0x02F0,0x02F0,0x02F0,0x02F0,0x02F0,0x02F0,
0x02F0,0x02F0,0x02F0,0x02F0,0x02F0,0x02F0,0x02F0,0x02F0,0x02F0,0x02F0,0x02F0,0x02F0,
0x02F0,0x02F0,0x02F0,0x02F0,0x02F0,0x02E8,0x0040,0x0008,0x0008,0x0008,0x0008,0x0008,
0x308C,0xBEF7,0x2842,0x0000,0x0000,0x0000,0x0000,0x0000,0x0000,0x0000,0x0000,0x0000,
0x0000,0x0000,0x0000,0x0000,0x0000,0x0000,0x0000,0x0000,0x0000,0x718C,0xBEF7,0x0429,
0x0008,0x0008,0x0008,0x0008,0x01A8,0x02E8,0x02E8,0x02E8,0x02E8,0x02E8,0x02E8,0x02E8,
0x02E8,0x02E8,0x02E8,0x02E8,0x02E8,0x02E8,0x02E8,0x02E8,0x02E8,0x02E8,0x02E8,0x02E8,
0x02E8,0x02E8,0x02E8,0x02E8,0x02E8,0x02E8,0x02E8,0x02E8,0x02E8,0x02E8,0x02E8,0x02E8,
0x02E8,0x02E8,0x02E8,0x01B8,0x0058,0x0010,0x0010,0x0018,0x0190,0x02E8,0x02E8,0x02E8,
0x02E8,0x02E8,0x02E8,0x02E8,0x02E8,0x02E8,0x02E8,0x02E8,0x02E8,0x02E8,0x02D8,0x0018,
0x0008,0x0008,0x0008,0x0160,0x02E0,0x02E8,0x0020,0x0008,0x0008,0x0190,0x02F0,0x02E8,
0x0028,0x0038,0x02F0,0x02F0,0x02F0,0x02F0,0x02F0,0x02F0,0x02F0,0x02F0,0x02F0,0x02F0,
0x02F0,0x02F0,0x02F0,0x02F0,0x02F0,0x02F0,0x02F0,0x02F0,0x02F0,0x02F0,0x02F0,0x02F0,
0x02F0,0x02F0,0x02F0,0x02F0,0x02F0,0x02F0,0x02F0,0x02F0,0x02F0,0x02F0,0x02F0,0x02F0,
0x02F0,0x02F0,0x02F0,0x02F0,0x02F0,0x02F0,0x02F0,0x02F0,0x02F0,0x02F0,0x02F0,0x02F0,
0x02F0,0x02F0,0x02F0,0x02F0,0x02F0,0x02F0,0x02F0,0x02F0,0x02F0,0x02F0,0x02F0,0x02F0,
0x02F0,0x02F0,0x02F0,0x02F0,0x02F0,0x02F0,0x02F0,0x02F0,0x02F0,0x02F0,0x02F0,0x02F0,
0x02F0,0x0170,0x0008,0x0008,0x0008,0x0008,0x0008,0x2429,0x7DEF,0x96B5,0x0000,0x0000,
0x0000,0x0000,0x0000,0x0000,0x0000,0x0000,0x0000,0x0000,0x0000,0x0000,0x0000,0x0000,
0x0000,0x0000,0x0000,0x0000,0x0000,0x0C63,0xBEF7,0x6952,0x0008,0x0008,0x0008,0x0008,
0x0160,0x02E8,0x02E8,0x02E8,0x02E8,0x02E8,0x02E8,0x02E8,0x02E8,0x02E8,0x02E8,0x02E8,
0x02E8,0x02E8,0x02E8,0x02E8,0x02E8,0x02E8,0x02E8,0x02E8,0x02E8,0x02E8,0x02E8,0x02E8,
0x02E8,0x02E8,0x02E8,0x02E8,0x02E8,0x02E8,0x02E8,0x02E8,0x01C0,0x0178,0x0030,0x0010,
0x0010,0x0010,0x0060,0x01D8,0x02E8,0x02E8,0x02E8,0x02E8,0x02E8,0x02E8,0x02E8,0x02E8,
0x02E8,0x02E8,0x02E8,0x02E8,0x02E8,0x02E8,0x0158,0x0008,0x0008,0x0008,0x0158,0x02E8,
0x02E8,0x02E8,0x0010,0x0008,0x0008,0x0038,0x02F0,0x02F0,0x01A0,0x0008,0x02E0,0x02F0,
0x02F0,0x02F0,0x02F0,0x02F0,0x02F0,0x02F0,0x02F0,0x02F0,0x02F0,0x02F0,0x02F0,0x02F0,
0x02F0,0x02F0,0x02F0,0x02F0,0x02F0,0x02F0,0x02F0,0x02F0,0x02F0,0x02F0,0x02F0,0x02F0,
0x02F0,0x02F0,0x02F0,0x02F0,0x02F0,0x02F0,0x02F0,0x02F0,0x02F0,0x02F0,0x02F0,0x02F0,
0x02F0,0x02F0,0x02F0,0x02F0,0x02F0,0x02F0,0x02F0,0x02F0,0x02F0,0x02F0,0x02F0,0x02F0,
0x02F0,0x02F0,0x02F0,0x02F0,0x02F0,0x02F0,0x02F0,0x02F0,0x02F0,0x02F0,0x02F0,0x02F0,
0x02F0,0x02F0,0x02F0,0x02F0,0x02F0,0x02F0,0x02F0,0x02F0,0x01A0,0x0008,0x0008,0x0008,
0x0008,0x0008,0x0008,0x75B5,0x9EF7,0x4529,0x0000,0x0000,0x0000,0x0000,0x0000,0x0000,
0x0000,0x0000,0x0000,0x0000,0x0000,0x0000,0x0000,0x0000,0x0000,0x0000,0x0000,0x0000,
0x0000,0x4529,0xBEF7,0x308C,0x0008,0x0008,0x0008,0x0008,0x0010,0x02E0,0x02E8,0x02E8,
0x02E8,0x02E8,0x02E8,0x02E8,0x02E8,0x02E8,0x02E8,0x02E8,0x02E8,0x02E8,0x01D8,0x0188,
0x01A8,0x02E8,0x02E8,0x02E8,0x02E8,0x02E8,0x02E8,0x02E8,0x02E8,0x02E8,0x02E8,0x02E8,
0x01D0,0x0198,0x0060,0x0030,0x0010,0x0010,0x0010,0x0010,0x0060,0x01C8,0x02E8,0x02E8,
0x02E8,0x02E8,0x02E8,0x02E8,0x02E8,0x02E8,0x02E8,0x02E8,0x02E8,0x02E8,0x02E8,0x02E8,
0x02E8,0x0190,0x0008,0x0008,0x0008,0x0030,0x02E0,0x02E8,0x02E8,0x02E8,0x0010,0x0008,
0x0008,0x0008,0x02C0,0x02F0,0x02E8,0x0050,0x0188,0x02F0,0x02F0,0x02F0,0x02F0,0x02F0,
0x02F0,0x02F0,0x02F0,0x02F0,0x02F0,0x02F0,0x02F0,0x02F0,0x02F0,0x02F0,0x02F0,0x02F0,
0x02F0,0x02F0,0x02F0,0x02F0,0x02F0,0x02F0,0x02F0,0x02F0,0x02F0,0x02F0,0x02F0,0x02F0,
0x02F0,0x02F0,0x02F0,0x02F0,0x02F0,0x02F0,0x02F0,0x02F0,0x02F0,0x02F0,0x02F0,0x02F0,
0x02F0,0x02F0,0x02F0,0x02F0,0x02F0,0x02F0,0x02F0,0x02F0,0x02F0,0x02F0,0x02F0,0x02F0,
0x02F0,0x02F0,0x02F0,0x02F0,0x02F0,0x02F0,0x02F0,0x02F0,0x02F0,0x02F0,0x02F0,0x02F0,
0x02F0,0x02F0,0x02F0,0x01B0,0x0010,0x0008,0x0008,0x0008,0x0008,0x0008,0x4952,0xBEF7,
0x7194,0x0000,0x0000,0x0000,0x0000,0x0000,0x0000,0x0000,0x0000,0x0000,0x0000,0x0000,
0x0000,0x0000,0x0000,0x0000,0x0000,0x0000,0x0000,0x0000,0x0000,0x0000,0xBADE,0xDBDE,
0x2008,0x0008,0x0008,0x0008,0x0008,0x0178,0x02E8,0x02E8,0x02E8,0x02E8,0x02E8,0x02E8,
0x02E8,0x02E8,0x02E8,0x02E8,0x02E8,0x01C8,0x0020,0x0010,0x0050,0x0170,0x0180,0x0190,
0x0190,0x0190,0x0190,0x0180,0x0070,0x0058,0x0038,0x0018,0x0010,0x0010,0x0010,0x0010,
0x0010,0x0040,0x0190,0x02D8,0x02E8,0x02E8,0x02E8,0x02E8,0x02E8,0x02E8,0x02E8,0x02E8,
0x02E8,0x02E8,0x02E8,0x02E8,0x02E8,0x02E8,0x02E8,0x02E8,0x01B8,0x0010,0x0008,0x0008,
0x0008,0x01C0,0x02E8,0x02E8,0x02E8,0x02E8,0x0018,0x0008,0x0008,0x0008,0x0160,0x02F0,
0x02F0,0x02D8,0x0048,0x02F0,0x02F0,0x02F0,0x02F0,0x02F0,0x02F0,0x02F0,0x02F0,0x02F0,
0x02F0,0x02F0,0x02F0,0x02F0,0x02F0,0x02F0,0x02F0,0x02F0,0x02F0,0x02F0,0x02F0,0x02F0,
0x02F0,0x02F0,0x02F0,0x02F0,0x02F0,0x02F0,0x02F0,0x02F0,0x02F0,0x02F0,0x02F0,0x02F0,
0x02F0,0x02F0,0x02F0,0x02F0,0x02F0,0x02F0,0x02F0,0x02F0,0x02F0,0x02F0,0x02F0,0x02F0,
0x02F0,0x02F0,0x02F0,0x02F0,0x02F0,0x02F0,0x02F0,0x02F0,0x02F0,0x02F0,0x02F0,0x02F0,
0x02F0,0x02F0,0x02F0,0x02F0,0x02F0,0x02F0,0x02F0,0x02F0,0x02F0,0x02F0,0x01B8,0x0010,
0x0008,0x0008,0x0008,0x0008,0x0008,0x8218,0xBADE,0x9AD6,0x4108,0x0000,0x0000,0x0000,
0x0000,0x0000,0x0000,0x0000,0x0000,0x0000,0x0000,0x0000,0x0000,0x0000,0x0000,0x0000,
0x0000,0x0000,0x0000,0x0000,0x0000,0x0000,0xEF83,0xBEF7,0x284A,0x0008,0x0008,0x0008,
0x0008,0x0010,0x01D0,0x02E8,0x02E8,0x02E8,0x02E8,0x02E8,0x02E8,0x02E8,0x02E8,0x02E8,
0x02E8,0x01A8,0x0050,0x0020,0x0010,0x0010,0x0010,0x0010,0x0010,0x0010,0x0010,0x0010,
0x0010,0x0010,0x0010,0x0010,0x0010,0x0038,0x0068,0x01A0,0x01D8,0x02E8,0x02E8,0x02E8,
0x02E8,0x02E8,0x02E8,0x02E8,0x02E8,0x02E8,0x02E8,0x02E8,0x02E8,0x02E8,0x02E8,0x02E8,
0x02E8,0x02E8,0x02E8,0x01C8,0x0018,0x0008,0x0008,0x0008,0x0158,0x02E8,0x02E8,0x02E8,
0x02E8,0x02E8,0x0028,0x0008,0x0008,0x0008,0x0008,0x01B8,0x02F0,0x02F0,0x01C0,0x02C8,
0x02F0,0x02F0,0x02F0,0x02F0,0x02F0,0x02F0,0x02F0,0x02F0,0x02F0,0x02F0,0x02F0,0x02F0,
0x02F0,0x02F0,0x02F0,0x02F0,0x02F0,0x02F0,0x02F0,0x02F0,0x02F0,0x02F0,0x02F0,0x02F0,
0x02F0,0x02F0,0x02F0,0x02F0,0x02F0,0x02F0,0x02F0,0x02F0,0x02F0,0x02F0,0x02F0,0x02F0,
0x02F0,0x02F0,0x02F0,0x02F0,0x02F0,0x02F0,0x02F0,0x02F0,0x02F0,0x02F0,0x02F0,0x02F0,
0x02F0,0x02F0,0x02F0,0x02F0,0x02F0,0x02F0,0x02F0,0x02F0,0x02F0,0x02F0,0x02F0,0x02F0,
0x02F0,0x02F0,0x02F0,0x02F0,0x02F0,0x02C8,0x0018,0x0008,0x0008,0x0008,0x0008,0x0008,
0x0008,0x34AD,0x9EF7,0xC739,0x0000,0x0000,0x0000,0x0000,0x0000,0x0000,0x0000,0x0000,
0x0000,0x0000,0x0000,0x0000,0x0000,0x0000,0x0000,0x0000,0x0000,0x0000,0x0000,0x0000,
0x0000,0x0000,0xE318,0x7DF7,0x38CE,0x2008,0x0008,0x0008,0x0008,0x0008,0x0038,0x02E0,
0x02E8,0x02E8,0x02E8,0x02E8,0x02E8,0x02E8,0x02E8,0x02E8,0x02E8,0x02E8,0x02E8,0x02E8,
0x02D8,0x01B0,0x0198,0x0188,0x0178,0x0170,0x0068,0x0170,0x0180,0x0190,0x01A8,0x01C0,
0x02E8,0x02E8,0x02E8,0x02E8,0x02E8,0x02E8,0x02E8,0x02E8,0x02E8,0x02E8,0x02E8,0x02E8,
0x02E8,0x02E8,0x02E8,0x02E8,0x02E8,0x02E8,0x02E8,0x02E8,0x02E8,0x02E8,0x01C0,0x0020,
0x0008,0x0008,0x0008,0x0008,0x01B8,0x02E8,0x02E8,0x02E8,0x02E8,0x02E8,0x0048,0x0008,
0x0008,0x0008,0x0008,0x0038,0x02E8,0x02F0,0x02F0,0x02E8,0x02F0,0x02F0,0x02F0,0x02F0,
0x02F0,0x02F0,0x02F0,0x02F0,0x02F0,0x02F0,0x02F0,0x02F0,0x02F0,0x02F0,0x02F0,0x02F0,
0x02F0,0x02F0,0x02F0,0x02F0,0x02F0,0x02F0,0x02F0,0x02F0,0x02F0,0x02F0,0x02F0,0x02F0,
0x02F0,0x02F0,0x02F0,0x02F0,0x02F0,0x02F0,0x02F0,0x02F0,0x02F0,0x02F0,0x02F0,0x02F0,
0x02F0,0x02F0,0x02F0,0x02F0,0x02F0,0x02F0,0x02F0,0x02F0,0x02F0,0x02F0,0x02F0,0x02F0,
0x02F0,0x02F0,0x02F0,0x02F0,0x02F0,0x02F0,0x02F0,0x02F0,0x02F0,0x02F0,0x02F0,0x02F0,
0x01B8,0x0018,0x0008,0x0008,0x0008,0x0008,0x0008,0x0008,0x2C6B,0xBEF7,0xEF83,0x0000,
0x0000,0x0000,0x0000,0x0000,0x0000,0x0000,0x0000,0x0000,0x0000,0x0000,0x0000,0x0000,
0x0000,0x0000,0x0000,0x0000,0x0000,0x0000,0x0000,0x0000,0x0000,0x0000,0x0000,0x7194,
0xBEF7,0xCB5A,0x0008,0x0008,0x0008,0x0008,0x0008,0x0158,0x02E8,0x02E8,0x02E8,0x02E8,
0x02E8,0x02E8,0x02E8,0x02E8,0x02E8,0x02E8,0x02E8,0x02E8,0x02E8,0x02E8,0x02E8,0x02E8,
0x02E8,0x02E8,0x02E8,0x02E8,0x02E8,0x02E8,0x02E8,0x02E8,0x02E8,0x02E8,0x02E8,0x02E8,
0x02E8,0x02E8,0x02E8,0x02E8,0x02E8,0x02E8,0x02E8,0x02E8,0x02E8,0x02E8,0x02E8,0x02E8,
0x02E8,0x02E8,0x02E8,0x02E8,0x02E8,0x01B0,0x0018,0x0008,0x0008,0x0008,0x0008,0x0020,
0x02E8,0x02E8,0x02E8,0x02E8,0x02E8,0x02E8,0x0160,0x0008,0x0008,0x0018,0x0028,0x0008,
0x0188,0x02F0,0x02F0,0x02F0,0x02F0,0x02F0,0x02F0,0x02F0,0x02F0,0x02F0,0x02F0,0x02F0,
0x02F0,0x02F0,0x02F0,0x02F0,0x02F0,0x02F0,0x02F0,0x02F0,0x02F0,0x02F0,0x02F0,0x02F0,
0x02F0,0x02F0,0x02F0,0x02F0,0x02F0,0x02F0,0x02F0,0x02F0,0x02F0,0x02F0,0x02F0,0x02F0,
0x02F0,0x02F0,0x02F0,0x02F0,0x02F0,0x02F0,0x02F0,0x02F0,0x02F0,0x02F0,0x02F0,0x02F0,
0x02F0,0x02F0,0x02F0,0x02F0,0x02F0,0x02F0,0x02F0,0x02F0,0x02F0,0x02F0,0x02F0,0x02F0,
0x02F0,0x02F0,0x02F0,0x02F0,0x02F0,0x02F0,0x02F0,0x01A8,0x0010,0x0008,0x0008,0x0008,
0x0008,0x0008,0x0008,0x8639,0x5DEF,0xF7BD,0x2000,0x0000,0x0000,0x0000,0x0000,0x0000,
0x0000,0x0000,0x0000,0x0000,0x0000,0x0000,0x0000,0x0000,0x0000,0x0000,0x0000,0x0000,
0x0000,0x0000,0x0000,0x0000,0x0000,0x0000,0x0000,0xA210,0x1CE7,0xFBE6,0xE320,0x0008,
0x0008,0x0008,0x0008,0x0008,0x0178,0x02E8,0x02E8,0x02E8,0x02E8,0x02E8,0x02E8,0x02E8,
0x02E8,0x02E8,0x02E8,0x02E8,0x02E8,0x02E8,0x02E8,0x02E8,0x02E8,0x02E8,0x02E8,0x02E8,
0x02E8,0x02E8,0x02E8,0x02E8,0x02E8,0x02E8,0x02E8,0x02E8,0x02E8,0x02E8,0x02E8,0x02E8,
0x02E8,0x02E8,0x02E8,0x02E8,0x02E8,0x02E8,0x02E8,0x02E8,0x02E8,0x02E8,0x02E8,0x02E8,
0x0180,0x0008,0x0008,0x0008,0x0008,0x0008,0x0008,0x0158,0x02E8,0x02E8,0x02E8,0x02E8,
0x02E8,0x02E8,0x0198,0x0008,0x0008,0x0008,0x01A8,0x0050,0x0008,0x01B0,0x02F0,0x02F0,
0x02F0,0x02F0,0x02F0,0x02F0,0x02F0,0x02F0,0x02F0,0x02F0,0x02F0,0x02F0,0x02F0,0x02F0,
0x02F0,0x02F0,0x02F0,0x02F0,0x02F0,0x02F0,0x02F0,0x02F0,0x02F0,0x02F0,0x02F0,0x02F0,
0x02F0,0x02F0,0x02F0,0x02F0,0x02F0,0x02F0,0x02F0,0x02F0,0x02F0,0x02F0,0x02F0,0x02F0,
0x02F0,0x02F0,0x02F0,0x02F0,0x02F0,0x02F0,0x02F0,0x02F0,0x02F0,0x02F0,0x02F0,0x02F0,
0x02F0,0x02F0,0x02F0,0x02F0,0x02F0,0x02F0,0x02F0,0x02F0,0x02F0,0x02F0,0x02F0,0x02F0,
0x02F0,0x02F0,0x0198,0x0010,0x0008,0x0008,0x0008,0x0008,0x0008,0x0008,0x2429,0xFBE6,
0xDBDE,0xA210,0x0000,0x0000,0x0000,0x0000,0x0000,0x0000,0x0000,0x0000,0x0000,0x0000,
0x0000,0x0000,0x0000,0x0000,0x0000,0x0000,0x0000,0x0000,0x0000,0x0000,0x0000,0x0000,
0x0000,0x0000,0x0000,0x0000,0x694A,0xBEF7,0x18C6,0x4110,0x0008,0x0008,0x0008,0x0008,
0x0008,0x0170,0x02E8,0x02E8,0x02E8,0x02E8,0x02E8,0x02E8,0x02E8,0x02E8,0x02E8,0x02E8,
0x02E8,0x02E8,0x02E8,0x02E8,0x02E8,0x02E8,0x02E8,0x02E8,0x02E8,0x02E8,0x02E8,0x02E8,
0x02E8,0x02E8,0x02E8,0x02E8,0x02E8,0x02E8,0x02E8,0x02E8,0x02E8,0x02E8,0x02E8,0x02E8,
0x02E8,0x02E8,0x02E8,0x02E8,0x02E8,0x02E8,0x01D0,0x0048,0x0008,0x0008,0x0008,0x0018,
0x0008,0x0008,0x0008,0x0180,0x02E8,0x02E8,0x02E8,0x02E8,0x02E8,0x02E8,0x01C8,0x0008,
0x0008,0x0008,0x0150,0x02E0,0x0160,0x0018,0x02D0,0x02F0,0x02F0,0x02F0,0x02F0,0x02F0,
0x02F0,0x02F0,0x02F0,0x02F0,0x02F0,0x02F0,0x02F0,0x02F0,0x02F0,0x02F0,0x02F0,0x02F0,
0x02F0,0x02F0,0x02F0,0x02F0,0x02F0,0x02F0,0x02F0,0x02F0,0x02F0,0x02F0,0x02F0,0x02F0,
0x02F0,0x02F0,0x02F0,0x02F0,0x02F0,0x02F0,0x02F0,0x02F0,0x02F0,0x02F0,0x02F0,0x02F0,
0x02F0,0x02F0,0x02F0,0x02F0,0x02F0,0x02F0,0x02F0,0x02F0,0x02F0,0x02F0,0x02F0,0x02F0,
0x02F0,0x02F0,0x02F0,0x02F0,0x02F0,0x02F0,0x02F0,0x02F0,0x02E8,0x0178,0x0008,0x0008,
0x0008,0x0008,0x0008,0x0008,0x0008,0xA218,0x79D6,0x7DF7,0xC739,0x0000,0x0000,0x0000,
0x0000,0x0000,0x0000,0x0000,0x0000,0x0000,0x0000,0x0000,0x0000,0x0000,0x0000,0x0000,
0x0000,0x0000,0x0000,0x0000,0x0000,0x0000,0x0000,0x0000,0x0000,0x0000,0x0000,0x0000,
0x0000,0x518C,0xBEF7,0xF3A4,0x2008,0x0008,0x0008,0x0008,0x0008,0x0008,0x0158,0x02E8,
0x02E8,0x02E8,0x02E8,0x02E8,0x02E8,0x02E8,0x02E8,0x02E8,0x02E8,0x02E8,0x02E8,0x02E8,
0x02E8,0x02E8,0x02E8,0x02E8,0x02E8,0x02E8,0x02E8,0x02E8,0x02E8,0x02E8,0x02E8,0x02E8,
0x02E8,0x02E8,0x02E8,0x02E8,0x02E8,0x02E8,0x02E8,0x02E8,0x02E8,0x02E8,0x02E8,0x02E8,
0x02E8,0x0188,0x0010,0x0008,0x0008,0x0008,0x0030,0x02D0,0x0048,0x0008,0x0008,0x0198,
0x02E8,0x02E8,0x02E8,0x02E8,0x02E8,0x02E8,0x02E8,0x0030,0x0008,0x0008,0x0008,0x01B8,
0x02E0,0x0158,0x0020,0x02C8,0x02F0,0x02F0,0x02F0,0x02F0,0x02F0,0x02F0,0x02F0,0x02F0,
0x02F0,0x02F0,0x02F0,0x02F0,0x02F0,0x02F0,0x02F0,0x02F0,0x02F0,0x02F0,0x02F0,0x02F0,
0x02F0,0x02F0,0x02F0,0x02F0,0x02F0,0x02F0,0x02F0,0x02F0,0x02F0,0x02F0,0x02F0,0x02F0,
0x02F0,0x02F0,0x02F0,0x02F0,0x02F0,0x02F0,0x02F0,0x02F0,0x02F0,0x02F0,0x02F0,0x02F0,
0x02F0,0x02F0,0x02F0,0x02F0,0x02F0,0x02F0,0x02F0,0x02F0,0x02F0,0x02F0,0x02F0,0x02F0,
0x02F0,0x02F0,0x02F0,0x02D0,0x0040,0x0008,0x0008,0x0008,0x0008,0x0008,0x0008,0x0008,
0x8218,0x18C6,0x7DF7,0x8A52,0x0000,0x0000,0x0000,0x0000,0x0000,0x0000,0x0000,0x0000,
0x0000,0x0000,0x0000,0x0000,0x0000,0x0000,0x0000,0x0000,0x0000,0x0000,0x0000,0x0000,
0x0000,0x0000,0x0000,0x0000,0x0000,0x0000,0x0000,0x0000,0x0000,0x0000,0x34A5,0xBEF7,
0x14A5,0x4110,0x0008,0x0008,0x0008,0x0008,0x0008,0x0030,0x01B0,0x02E8,0x02E8,0x02E8,
0x02E8,0x02E8,0x02E8,0x02E8,0x02E8,0x02E8,0x02E8,0x02E8,0x02E8,0x02E8,0x02E8,0x02E8,
0x02E8,0x02E8,0x02E8,0x02E8,0x02E8,0x02E8,0x02E8,0x02E8,0x02E8,0x02E8,0x02E8,0x02E8,
0x02E8,0x02E8,0x02E8,0x02E8,0x02E8,0x02E8,0x02E8,0x0190,0x0020,0x0008,0x0008,0x0008,
0x0008,0x0028,0x02D8,0x02E8,0x0040,0x0008,0x0008,0x0198,0x02E8,0x02E8,0x02E8,0x02E8,
0x02E8,0x02E8,0x02E8,0x0180,0x0008,0x0008,0x0008,0x0040,0x02E0,0x02D8,0x0038,0x0018,
0x01B8,0x02F0,0x02F0,0x02F0,0x02F0,0x02F0,0x02F0,0x02F0,0x02F0,0x02F0,0x02F0,0x02F0,
0x02F0,0x02F0,0x02F0,0x02F0,0x02F0,0x02F0,0x02F0,0x02F0,0x02F0,0x02F0,0x02F0,0x02F0,
0x02F0,0x02F0,0x02F0,0x02F0,0x02F0,0x02F0,0x02F0,0x02F0,0x02F0,0x02F0,0x02F0,0x02F0,
0x02F0,0x02F0,0x02F0,0x02F0,0x02F0,0x02F0,0x02F0,0x02F0,0x02F0,0x02F0,0x02F0,0x02F0,
0x02F0,0x02F0,0x02F0,0x02F0,0x02F0,0x02F0,0x02F0,0x02F0,0x02F0,0x02F0,0x01A8,0x0018,
0x0008,0x0008,0x0008,0x0008,0x0008,0x0008,0x0008,0xC320,0x38CE,0x5DEF,0x2842,0x0000,
0x0000,0x0000,0x0000,0x0000,0x0000,0x0000,0x0000,0x0000,0x0000,0x0000,0x0000,0x0000,
0x0000,0x0000,0x0000,0x0000,0x0000,0x0000,0x0000,0x0000,0x0000,0x0000,0x0000,0x0000,
0x0000,0x0000,0x0000,0x0000,0x0000,0x6108,0x34AD,0xBEF7,0x7DEF,0x6952,0x0008,0x0008,
0x0008,0x0008,0x0008,0x0008,0x0008,0x0158,0x01D0,0x02E8,0x02E8,0x02E8,0x02E8,0x02E8,
0x02E8,0x02E8,0x02E8,0x02E8,0x02E8,0x02E8,0x02E8,0x02E8,0x02E8,0x02E8,0x02E8,0x02E8,
0x02E8,0x02E8,0x02E8,0x02E8,0x02E8,0x02E8,0x02E8,0x02E8,0x02E8,0x02E8,0x02E8,0x02E8,
0x02E8,0x0198,0x0028,0x0008,0x0008,0x0008,0x0008,0x0008,0x0010,0x01C0,0x02E8,0x02E8,
0x0038,0x0008,0x0008,0x0190,0x02E8,0x02E8,0x02E8,0x02E8,0x02E8,0x02E8,0x02E8,0x02D8,
0x0010,0x0008,0x0008,0x0008,0x0190,0x02E0,0x01C8,0x0018,0x0010,0x0188,0x02E8,0x02F0,
0x02F0,0x02F0,0x02F0,0x02F0,0x02F0,0x02F0,0x02F0,0x02F0,0x02F0,0x02F0,0x02F0,0x02F0,
0x02F0,0x02F0,0x02F0,0x02F0,0x02F0,0x02F0,0x02F0,0x02F0,0x02F0,0x02F0,0x02F0,0x02F0,
0x02F0,0x02F0,0x02F0,0x02F0,0x02F0,0x02F0,0x02F0,0x02F0,0x02F0,0x02F0,0x02F0,0x02F0,
0x02F0,0x02F0,0x02F0,0x02F0,0x02F0,0x02F0,0x02F0,0x02F0,0x02F0,0x02F0,0x02F0,0x02F0,
0x02F0,0x02F0,0x02F0,0x02F0,0x02E0,0x0168,0x0008,0x0008,0x0008,0x0008,0x0008,0x0008,
0x0008,0x0008,0x2429,0x9AD6,0x3CE7,0xA631,0x0000,0x0000,0x0000,0x0000,0x0000,0x0000,
0x0000,0x0000,0x0000,0x0000,0x0000,0x0000,0x0000,0x0000,0x0000,0x0000,0x0000,0x0000,
0x0000,0x0000,0x0000,0x0000,0x0000,0x0000,0x0000,0x0000,0x0000,0x0000,0x0000,0x0000,
0x6529,0x9AD6,0xBEF7,0x75B5,0x0429,0x0008,0x0008,0x0008,0x0008,0x0008,0x0008,0x0008,
0x0008,0x0008,0x0010,0x0168,0x01D8,0x02E8,0x02E8,0x02E8,0x02E8,0x02E8,0x02E8,0x02E8,
0x02E8,0x02E8,0x02E8,0x02E8,0x02E8,0x02E8,0x02E8,0x02E8,0x02E8,0x02E8,0x02E8,0x02E8,
0x02E8,0x02E8,0x02E8,0x02E8,0x02E8,0x02E8,0x01D8,0x0180,0x0028,0x0008,0x0008,0x0008,
0x0008,0x0008,0x0008,0x0008,0x0178,0x02E8,0x02E8,0x02E8,0x0040,0x0008,0x0008,0x0178,
0x02E8,0x02E8,0x02E8,0x02E8,0x02E8,0x02E8,0x02E8,0x02E8,0x0168,0x0008,0x0008,0x0008,
0x0010,0x01C0,0x02E0,0x01A8,0x0010,0x0008,0x0038,0x01C8,0x02F0,0x02F0,0x02F0,0x02F0,
0x02F0,0x02F0,0x02F0,0x02F0,0x02F0,0x02F0,0x02F0,0x02F0,0x02F0,0x02F0,0x02F0,0x02F0,
0x02F0,0x02F0,0x02F0,0x02F0,0x02F0,0x02F0,0x02F0,0x02F0,0x02F0,0x02F0,0x02F0,0x02F0,
0x02F0,0x02F0,0x02F0,0x02F0,0x02F0,0x02F0,0x02F0,0x02F0,0x02F0,0x02F0,0x02F0,0x02F0,
0x02F0,0x02F0,0x02F0,0x02F0,0x02F0,0x02F0,0x02F0,0x02F0,0x02F0,0x02F0,0x02E8,0x0198,
0x0018,0x0008,0x0008,0x0008,0x0008,0x0008,0x0008,0x0008,0x0008,0xA639,0xFBE6,0xFBDE,
0x4529,0x0000,0x0000,0x0000,0x0000,0x0000,0x0000,0x0000,0x0000,0x0000,0x0000,0x0000,
0x0000,0x0000,0x0000,0x0000,0x0000,0x0000,0x0000,0x0000,0x0000,0x0000,0x0000,0x0000,
0x0000,0x0000,0x0000,0x0000,0x0000,0x0000,0x0000,0xA631,0x5DEF,0x7DF7,0x4D6B,0x2008,
0x0008,0x0008,0x0008,0x0008,0x0008,0x0008,0x0008,0x0008,0x0008,0x0008,0x0008,0x0008,
0x0010,0x0170,0x01D0,0x02E8,0x02E8,0x02E8,0x02E8,0x02E8,0x02E8,0x02E8,0x02E8,0x02E8,
0x02E8,0x02E8,0x02E8,0x02E8,0x02E8,0x02E8,0x02E8,0x02E8,0x02E8,0x02E8,0x02E8,0x02E8,
0x01B0,0x0150,0x0010,0x0008,0x0008,0x0008,0x0008,0x0018,0x0010,0x0008,0x0008,0x0010,
0x02D8,0x02E8,0x02E8,0x02E8,0x0158,0x0008,0x0008,0x0150,0x02E8,0x02E8,0x02E8,0x02E8,
0x02E8,0x02E8,0x02E8,0x02E8,0x01D0,0x0010,0x0008,0x0008,0x0008,0x0028,0x01D0,0x02E0,
0x01A0,0x0010,0x0008,0x0010,0x0188,0x02E8,0x02F0,0x02F0,0x02F0,0x02F0,0x02F0,0x02F0,
0x02F0,0x02F0,0x02F0,0x02F0,0x02F0,0x02F0,0x02F0,0x02F0,0x02F0,0x02F0,0x02F0,0x02F0,
0x02F0,0x02F0,0x02F0,0x02F0,0x02F0,0x02F0,0x02F0,0x02F0,0x02F0,0x02F0,0x02F0,0x02F0,
0x02F0,0x02F0,0x02F0,0x02F0,0x02F0,0x02F0,0x02F0,0x02F0,0x02F0,0x02F0,0x02F0,0x02F0,
0x02F0,0x02F0,0x02F0,0x02F0,0x02F0,0x01B8,0x0038,0x0008,0x0008,0x0008,0x0008,0x0008,
0x0008,0x0008,0x0008,0x2008,0x4D6B,0x7DEF,0xBAD6,0x0421,0x0000,0x0000,0x0000,0x0000,
0x0000,0x0000,0x0000,0x0000,0x0000,0x0000,0x0000,0x0000,0x0000,0x0000,0x0000,0x0000,
0x0000,0x0000,0x0000,0x0000,0x0000,0x0000,0x0000,0x0000,0x0000,0x0000,0x0000,0x0000,
0x0000,0x0000,0x6529,0x3CE7,0x3CEF,0xE741,0x0008,0x0008,0x0008,0x0008,0x0008,0x0008,
0x0008,0x0008,0x0008,0x0008,0x0008,0x0010,0x0010,0x0008,0x0008,0x0008,0x0008,0x0050,
0x01B0,0x02E8,0x02E8,0x02E8,0x02E8,0x02E8,0x02E8,0x02E8,0x02E8,0x02E8,0x02E8,0x02E8,
0x02E8,0x02E8,0x02E8,0x02E8,0x02E0,0x01A8,0x0168,0x0020,0x0008,0x0008,0x0008,0x0008,
0x0008,0x0030,0x0190,0x02E0,0x0020,0x0008,0x0008,0x0048,0x02E8,0x02E8,0x02E8,0x02E8,
0x0178,0x0008,0x0008,0x0010,0x02E0,0x01A8,0x02E0,0x02E8,0x02E8,0x02E8,0x02E8,0x02E8,
0x02E8,0x0180,0x0008,0x0008,0x0008,0x0008,0x0030,0x01D0,0x02E0,0x01A0,0x0010,0x0008,
0x0008,0x0028,0x01A0,0x02E8,0x02F0,0x02F0,0x02F0,0x02F0,0x02F0,0x02F0,0x02F0,0x02F0,
0x02F0,0x02F0,0x02F0,0x02F0,0x02F0,0x02F0,0x02F0,0x02F0,0x02F0,0x02F0,0x02F0,0x02F0,
0x02F0,0x02F0,0x02F0,0x02F0,0x02F0,0x02F0,0x02F0,0x02F0,0x02F0,0x02F0,0x02F0,0x02F0,
0x02F0,0x02F0,0x02F0,0x02F0,0x02F0,0x02F0,0x02F0,0x02F0,0x02F0,0x02F0,0x02F0,0x01B8,
0x0050,0x0008,0x0008,0x0008,0x0008,0x0008,0x0008,0x0008,0x0008,0x0008,0x8218,0x34AD,
0xBEF7,0x59CE,0xC318,0x0000,0x0000,0x0000,0x0000,0x0000,0x0000,0x0000,0x0000,0x0000,
0x0000,0x0000,0x0000,0x0000,0x0000,0x0000,0x0000,0x0000,0x0000,0x0000,0x0000,0x0000,
0x0000,0x0000,0x0000,0x0000,0x0000,0x0000,0x0000,0x0000,0x0000,0xC318,0x1CE7,0x5DEF,
0xC741,0x0008,0x0008,0x0018,0x01A8,0x02E0,0x02D8,0x01A0,0x0028,0x0008,0x0008,0x0008,
0x0008,0x0048,0x02E0,0x0198,0x0050,0x0018,0x0008,0x0008,0x0008,0x0028,0x0178,0x01C8,
0x02E8,0x02E8,0x02E8,0x02E8,0x02E8,0x02E8,0x02E8,0x02E8,0x02E0,0x01B8,0x0188,0x0048,
0x0010,0x0008,0x0008,0x0008,0x0008,0x0008,0x0020,0x0160,0x01B0,0x02E8,0x02E8,0x02E8,
0x0030,0x0008,0x0008,0x0178,0x02E8,0x02E8,0x02E8,0x02E8,0x01A8,0x0008,0x0008,0x0008,
0x0190,0x01B8,0x0048,0x02E0,0x02E8,0x02E8,0x02E8,0x02E8,0x02E8,0x02E0,0x0030,0x0008,
0x0008,0x0008,0x0008,0x0028,0x01C0,0x02E0,0x01A0,0x0010,0x0008,0x0008,0x0008,0x0030,
0x01A0,0x02F0,0x02F0,0x02F0,0x02F0,0x02F0,0x02F0,0x02F0,0x02F0,0x02F0,0x02F0,0x02F0,
0x02F0,0x02F0,0x02F0,0x02F0,0x02F0,0x02F0,0x02F0,0x02F0,0x02F0,0x02F0,0x02F0,0x02F0,
0x02F0,0x02F0,0x02F0,0x02F0,0x02F0,0x02F0,0x02F0,0x02F0,0x02F0,0x02F0,0x02F0,0x02F0,
0x02F0,0x02F0,0x02F0,0x02F0,0x02F0,0x01B0,0x0038,0x0008,0x0008,0x0008,0x0008,0x0008,
0x0008,0x0008,0x0008,0x0008,0x0008,0x284A,0xBADE,0xBEF7,0x75AD,0x6108,0x0000,0x0000,
0x0000,0x0000,0x0000,0x0000,0x0000,0x0000,0x0000,0x0000,0x0000,0x0000,0x0000,0x0000,
0x0000,0x0000,0x0000,0x0000,0x0000,0x0000,0x0000,0x0000,0x0000,0x0000,0x0000,0x0000,
0x0000,0x0000,0x0000,0x0000,0x0000,0x75AD,0x9EF7,0x6952,0x0008,0x0008,0x0020,0x01C8,
0x02E8,0x02E8,0x02E8,0x02E8,0x02D8,0x0028,0x0008,0x0008,0x0008,0x0048,0x02E8,0x02E8,
0x02E8,0x02E8,0x01D0,0x01A8,0x0198,0x0188,0x0180,0x0188,0x01C0,0x02E8,0x02E8,0x02E8,
0x01D8,0x0178,0x0160,0x0030,0x0008,0x0008,0x0008,0x0008,0x0008,0x0010,0x0030,0x0150,
0x0188,0x01C8,0x02E8,0x02E8,0x02E8,0x02E8,0x02E8,0x02E8,0x0040,0x0008,0x0008,0x0180,
0x02E8,0x02E8,0x02E8,0x02E8,0x02D8,0x0010,0x0008,0x0008,0x0038,0x02E8,0x0158,0x0040,
0x02D8,0x02E8,0x02E8,0x02E8,0x02E8,0x02E8,0x01C8,0x0010,0x0008,0x0008,0x0008,0x0008,
0x0010,0x0198,0x02E0,0x01B8,0x0028,0x0008,0x0008,0x0008,0x0008,0x0038,0x0198,0x02E8,
0x02F0,0x02F0,0x02F0,0x02F0,0x02F0,0x02F0,0x02F0,0x02F0,0x02F0,0x02F0,0x02F0,0x02F0,
0x02F0,0x02F0,0x02F0,0x02F0,0x02F0,0x02F0,0x02F0,0x02F0,0x02F0,0x02F0,0x02F0,0x02F0,
0x02F0,0x02F0,0x02F0,0x02F0,0x02F0,0x02F0,0x02F0,0x02F0,0x02F0,0x02F0,0x02D0,0x0178,
0x0028,0x0008,0x0008,0x0008,0x0008,0x0008,0x0008,0x0008,0x0008,0x0008,0x0008,0xE320,
0xD39C,0xBEF7,0x1CE7,0x0C63,0x0000,0x0000,0x0000,0x0000,0x0000,0x0000,0x0000,0x0000,
0x0000,0x0000,0x0000,0x0000,0x0000,0x0000,0x0000,0x0000,0x0000,0x0000,0x0000,0x0000,
0x0000,0x0000,0x0000,0x0000,0x0000,0x0000,0x0000,0x0000,0x0000,0x0000,0x0000,0x0000,
0x2C6B,0xBEF7,0x1084,0x0008,0x0008,0x0020,0x01C8,0x02E8,0x02E8,0x02E8,0x02E8,0x02E8,
0x02E8,0x01B0,0x0008,0x0008,0x0008,0x0030,0x02E8,0x02E8,0x02E8,0x02E8,0x02E8,0x02E8,
0x02E8,0x02E8,0x02E8,0x02E8,0x02E8,0x02E8,0x02E8,0x02E8,0x02E8,0x01D0,0x01A8,0x01B0,
0x01B0,0x01B0,0x01B0,0x01B8,0x01D8,0x02E8,0x02E8,0x02E8,0x02E8,0x02E8,0x02E8,0x02E8,
0x02E8,0x02E8,0x02E8,0x02E8,0x0150,0x0008,0x0008,0x0178,0x02E8,0x02E8,0x02E8,0x02E8,
0x02E8,0x0150,0x0008,0x0008,0x0008,0x01A0,0x02D8,0x0028,0x0018,0x0178,0x01C0,0x02E0,
0x02E8,0x01C0,0x0188,0x0028,0x0008,0x0008,0x0008,0x0008,0x0008,0x0008,0x0048,0x01C0,
0x01D0,0x0040,0x0008,0x0008,0x0008,0x0008,0x0008,0x0018,0x0168,0x02C0,0x02F0,0x02F0,
0x02F0,0x02F0,0x02F0,0x02F0,0x02F0,0x02F0,0x02F0,0x02F0,0x02F0,0x02F0,0x02F0,0x02F0,
0x02F0,0x02F0,0x02F0,0x02F0,0x02F0,0x02F0,0x02F0,0x02F0,0x02F0,0x02F0,0x02F0,0x02F0,
0x02F0,0x02F0,0x02F0,0x02D8,0x0190,0x0040,0x0008,0x0008,0x0008,0x0008,0x0008,0x0008,
0x0008,0x0008,0x0008,0x0008,0x0008,0x4110,0x8E73,0x5DEF,0x9EF7,0xB29C,0x8210,0x0000,
0x0000,0x0000,0x0000,0x0000,0x0000,0x0000,0x0000,0x0000,0x0000,0x0000,0x0000,0x0000,
0x0000,0x0000,0x0000,0x0000,0x0000,0x0000,0x0000,0x0000,0x0000,0x0000,0x0000,0x0000,
0x0000,0x0000,0x0000,0x0000,0x0000,0x0000,0x0000,0x4108,0xFBE6,0x59CE,0x4110,0x0008,
0x0008,0x01A8,0x02E8,0x02E8,0x02E8,0x02E8,0x02E8,0x02E8,0x02E8,0x02E0,0x0010,0x0008,
0x0008,0x0010,0x02E8,0x02E8,0x02E8,0x02E8,0x02E8,0x02E8,0x02E8,0x02E8,0x02E8,0x02E8,
0x02E8,0x02E8,0x02E8,0x02E8,0x02E8,0x02E8,0x02E8,0x02E8,0x02E8,0x02E8,0x02E8,0x02E8,
0x02E8,0x02E8,0x02E8,0x02E8,0x02E8,0x02E8,0x02E8,0x02E8,0x02E8,0x02E8,0x02E8,0x02E8,
0x0170,0x0008,0x0008,0x0048,0x02E8,0x02E8,0x02E8,0x02E8,0x02E8,0x01B0,0x0008,0x0008,
0x0008,0x0020,0x02E0,0x01C0,0x0018,0x0008,0x0008,0x0008,0x0008,0x0008,0x0008,0x0008,
0x0008,0x0008,0x0008,0x0008,0x0008,0x0008,0x0008,0x0008,0x0048,0x01B0,0x0190,0x0018,
0x0008,0x0008,0x0008,0x0008,0x0008,0x0008,0x0030,0x0170,0x01A8,0x02E0,0x02F0,0x02F0,
0x02F0,0x02F0,0x02F0,0x02F0,0x02F0,0x02F0,0x02F0,0x02F0,0x02F0,0x02F0,0x02F0,0x02F0,
0x02F0,0x02F0,0x02F0,0x02F0,0x02F0,0x02F0,0x02F0,0x02E8,0x01B0,0x0170,0x0038,0x0008,
0x0008,0x0008,0x0008,0x0008,0x0008,0x0008,0x0008,0x0008,0x0008,0x0008,0x0008,0x6110,
0x6D73,0xDBDE,0xBEF7,0x18C6,0xA639,0x0000,0x0000,0x0000,0x0000,0x0000,0x0000,0x0000,
0x0000,0x0000,0x0000,0x0000,0x0000,0x0000,0x0000,0x0000,0x0000,0x0000,0x0000,0x0000,
0x0000,0x0000,0x0000,0x0000,0x0000,0x0000,0x0000,0x0000,0x0000,0x0000,0x0000,0x0000,
0x0000,0x0000,0x0000,0x8E73,0xBEF7,0x284A,0x0008,0x0008,0x0170,0x02E8,0x02E8,0x02E8,
0x02E8,0x02E8,0x02E8,0x02E8,0x02E8,0x02E8,0x0048,0x0008,0x0008,0x0008,0x01B8,0x02E8,
0x02E8,0x02E8,0x02E8,0x02E8,0x02E8,0x02E8,0x02E8,0x02E8,0x02E8,0x02E8,0x02E8,0x02E8,
0x02E8,0x02E8,0x02E8,0x02E8,0x02E8,0x02E8,0x02E8,0x02E8,0x02E8,0x02E8,0x02E8,0x02E8,
0x02E8,0x02E8,0x02E8,0x02E8,0x02E8,0x02E8,0x02E8,0x02E8,0x0190,0x0008,0x0008,0x0018,
0x02E0,0x02E8,0x02E8,0x02E8,0x02E8,0x02E8,0x0038,0x0008,0x0008,0x0008,0x0168,0x02E8,
0x01C0,0x0020,0x0008,0x0008,0x0008,0x0008,0x0008,0x0008,0x0008,0x0008,0x0008,0x0008,
0x0008,0x0008,0x0008,0x0008,0x0008,0x0008,0x0030,0x0158,0x0020,0x0008,0x0008,0x0008,
0x0008,0x0008,0x0008,0x0008,0x0008,0x0010,0x0040,0x0170,0x0190,0x01B8,0x02D8,0x02F0,
0x02F0,0x02F0,0x02F0,0x02F0,0x02F0,0x02F0,0x02F0,0x02F0,0x02F0,0x02E8,0x02D0,0x01A8,
0x0188,0x0160,0x0038,0x0010,0x0008,0x0008,0x0008,0x0008,0x0008,0x0008,0x0008,0x0008,
0x0008,0x0008,0x0008,0x0008,0x0008,0x6110,0x4D73,0xDBDE,0xBEF7,0x9AD6,0xAA52,0x0000,
0x0000,0x0000,0x0000,0x0000,0x0000,0x0000,0x0000,0x0000,0x0000,0x0000,0x0000,0x0000,
0x0000,0x0000,0x0000,0x0000,0x0000,0x0000,0x0000,0x0000,0x0000,0x0000,0x0000,0x0000,
0x0000,0x0000,0x0000,0x0000,0x0000,0x0000,0x0000,0x0000,0x0000,0x0000,0x0842,0x1CE7,
0xB6BD,0x0008,0x0008,0x0020,0x02E0,0x02E8,0x02E8,0x02E8,0x02E8,0x02E8,0x02E8,0x02E8,
0x02E8,0x02E8,0x0160,0x0008,0x0008,0x0008,0x0168,0x02E8,0x02E8,0x02E8,0x02E8,0x02E8,
0x02E8,0x02E8,0x02E8,0x02E8,0x02E8,0x02E8,0x02E8,0x02E8,0x02E8,0x02E8,0x02E8,0x02E8,
0x02E8,0x02E8,0x02E8,0x02E8,0x02E8,0x02E8,0x02E8,0x02E8,0x02E8,0x02E8,0x02E8,0x02E8,
0x02E8,0x02E8,0x02E8,0x02E8,0x01B0,0x0008,0x0008,0x0008,0x0188,0x02E8,0x02E8,0x02E8,
0x02E8,0x02E8,0x01C0,0x0010,0x0008,0x0008,0x0008,0x0188,0x02E8,0x01D0,0x0158,0x0008,
0x0008,0x0008,0x0008,0x0008,0x0008,0x0008,0x0008,0x0008,0x0008,0x0008,0x0008,0x0008,
0x0008,0x0008,0x0008,0x0008,0x0008,0x0008,0x0008,0x0008,0x0008,0x0008,0x0008,0x0008,
0x0008,0x0008,0x0008,0x0008,0x0008,0x0008,0x0008,0x0018,0x0028,0x0030,0x0038,0x0048,
0x0150,0x0048,0x0038,0x0028,0x0018,0x0010,0x0008,0x0008,0x0008,0x0008,0x0008,0x0008,
0x0008,0x0008,0x0008,0x0008,0x0008,0x0008,0x0008,0x0008,0x0008,0x0008,0x0008,0xC320,
0xCF7B,0x1CE7,0xBEF7,0xBAD6,0xEB5A,0x2000,0x0000,0x0000,0x0000,0x0000,0x0000,0x0000,
0x0000,0x0000,0x0000,0x0000,0x0000,0x0000,0x0000,0x0000,0x0000,0x0000,0x0000,0x0000,
0x0000,0x0000,0x0000,0x0000,0x0000,0x0000,0x0000,0x0000,0x0000,0x0000,0x0000,0x0000,
0x0000,0x0000,0x0000,0x0000,0xC318,0x75AD,0xBEF7,0x9EF7,0x284A,0x0008,0x0008,0x0008,
0x0040,0x0188,0x02D8,0x02E8,0x02E8,0x02E8,0x02E8,0x02E8,0x02E8,0x02E8,0x0170,0x0008,
0x0008,0x0008,0x0018,0x02E0,0x02E8,0x02E8,0x02E8,0x02E8,0x02E8,0x02E8,0x02E8,0x02E8,
0x02E8,0x02E8,0x02E8,0x02E8,0x02E8,0x02E8,0x02E8,0x02E8,0x02E8,0x02E8,0x02E8,0x02E8,
0x02E8,0x02E8,0x02E8,0x02E8,0x02E8,0x02E8,0x02E8,0x02E8,0x02E8,0x02E8,0x02E8,0x02E8,
0x02E0,0x0010,0x0008,0x0008,0x0020,0x02E0,0x02E8,0x02E8,0x02E8,0x02E8,0x02E8,0x0178,
0x0008,0x0008,0x0008,0x0008,0x0170,0x02E0,0x02E8,0x01C0,0x0168,0x0028,0x0008,0x0008,
0x0008,0x0008,0x0020,0x0150,0x0188,0x0150,0x0008,0x0008,0x0008,0x0008,0x0008,0x0008,
0x0008,0x0008,0x0008,0x0008,0x0008,0x0008,0x0008,0x0008,0x0008,0x0008,0x0008,0x0008,
0x0008,0x0008,0x0008,0x0008,0x0008,0x0008,0x0008,0x0008,0x0008,0x0008,0x0008,0x0008,
0x0008,0x0008,0x0008,0x0008,0x0008,0x0008,0x0008,0x0008,0x0008,0x0008,0x0008,0x0008,
0x0008,0x0008,0x0008,0x0008,0x2008,0x084A,0x14A5,0x7DF7,0xBEF7,0x38CE,0xCB5A,0x2000,
0x0000,0x0000,0x0000,0x0000,0x0000,0x0000,0x0000,0x0000,0x0000,0x0000,0x0000,0x0000,
0x0000,0x0000,0x0000,0x0000,0x0000,0x0000,0x0000,0x0000,0x0000,0x0000,0x0000,0x0000,
0x0000,0x0000,0x0000,0x0000,0x0000,0x0000,0x0000,0x0000,0x0000,0x0000,0x0000,0x2842,
0x1CE7,0xBEF7,0x55AD,0x6531,0x0008,0x0008,0x0008,0x0008,0x0008,0x0008,0x0010,0x0170,
0x02D8,0x02E8,0x02E8,0x02E8,0x02E8,0x02E8,0x0170,0x0008,0x0008,0x0008,0x0008,0x0188,
0x02E8,0x02E8,0x02E8,0x02E8,0x02E8,0x02E8,0x02E8,0x02E8,0x02E8,0x02E8,0x02E8,0x02E8,
0x02E8,0x02E8,0x02E8,0x02E8,0x02E8,0x02E8,0x02E8,0x02E8,0x02E8,0x02E8,0x02E8,0x02E8,
0x02E8,0x02E8,0x02E8,0x02E8,0x02E8,0x02E8,0x02E8,0x02E8,0x02E8,0x0158,0x0008,0x0008,
0x0008,0x0168,0x02E8,0x02E8,0x02E8,0x02E8,0x02E8,0x02E0,0x0038,0x0008,0x0008,0x0008,
0x0008,0x0030,0x01A0,0x02E0,0x02E8,0x02E8,0x02E0,0x01D0,0x01D0,0x02D8,0x01A8,0x0158,
0x0010,0x0008,0x0008,0x0008,0x0008,0x0008,0x0008,0x0008,0x0008,0x0008,0x0008,0x0008,
0x0008,0x0008,0x0008,0x0008,0x0008,0x0008,0x0008,0x0008,0x0008,0x0008,0x0008,0x0008,
0x0008,0x0008,0x0008,0x0008,0x0008,0x0008,0x0008,0x0008,0x0008,0x0008,0x0008,0x0008,
0x0008,0x0008,0x0008,0x0008,0x0008,0x0008,0x0008,0x0008,0x0008,0x0008,0x8639,0x308C,
0xDBDE,0xBEF7,0x7DF7,0x34AD,0x0842,0x0000,0x0000,0x0000,0x0000,0x0000,0x0000,0x0000,
0x0000,0x0000,0x0000,0x0000,0x0000,0x0000,0x0000,0x0000,0x0000,0x0000,0x0000,0x0000,
0x0000,0x0000,0x0000,0x0000,0x0000,0x0000,0x0000,0x0000,0x0000,0x0000,0x0000,0x0000,
0x0000,0x0000,0x0000,0x0000,0x0000,0x0000,0xCB5A,0x7DF7,0x3CEF,0xCB5A,0x0008,0x0008,
0x0008,0x0008,0x0008,0x0008,0x0008,0x0008,0x0008,0x0008,0x0018,0x0198,0x02E8,0x02E8,
0x02E8,0x02E8,0x0150,0x0008,0x0008,0x0008,0x0008,0x0028,0x02E0,0x02E8,0x02E8,0x02E8,
0x02E8,0x02E8,0x02E8,0x02E8,0x02E8,0x02E8,0x02E8,0x02E8,0x02E8,0x02E8,0x02E8,0x02E8,
0x02E8,0x02E8,0x02E8,0x02E8,0x02E8,0x02E8,0x02E8,0x02E8,0x02E8,0x02E8,0x02E8,0x02E8,
0x02E8,0x02E8,0x02E8,0x02E8,0x02E8,0x01D8,0x0018,0x0008,0x0008,0x0008,0x0198,0x02D8,
0x0158,0x0028,0x0020,0x0008,0x0008,0x0008,0x0008,0x0008,0x0008,0x0008,0x0008,0x0010,
0x0040,0x0158,0x0160,0x0158,0x0028,0x0008,0x0008,0x0008,0x0008,0x0008,0x0008,0x0008,
0x0008,0x0008,0x0008,0x2008,0x494A,0x34AD,0x308C,0x6952,0xA218,0x0008,0x0008,0x0008,
0x0008,0x0008,0x0008,0x0008,0x0008,0x0008,0x0008,0x0008,0x0008,0x0008,0x0008,0x0008,
0x0008,0x0008,0x0008,0x0008,0x0008,0x0008,0x0008,0x0008,0x0008,0x0008,0x0008,0x0008,
0x0008,0x0008,0x8218,0x6952,0x929C,0xDBDE,0xBEF7,0xBEF7,0x59CE,0x6D6B,0xA210,0x0000,
0x0000,0x0000,0x0000,0x0000,0x0000,0x0000,0x0000,0x0000,0x0000,0x0000,0x0000,0x0000,
0x0000,0x0000,0x0000,0x0000,0x0000,0x0000,0x0000,0x0000,0x0000,0x0000,0x0000,0x0000,
0x0000,0x0000,0x0000,0x0000,0x0000,0x0000,0x0000,0x0000,0x0000,0x0000,0x0000,0x0000,
0x0000,0x2842,0x9EF7,0xDBDE,0x6531,0x0008,0x0008,0x0008,0x0008,0x0030,0x2160,0x2170,
0x2168,0x0150,0x0018,0x0008,0x0008,0x0008,0x0160,0x02E0,0x02E8,0x02E8,0x0030,0x0008,
0x0008,0x0008,0x0008,0x0008,0x0180,0x02E8,0x02E8,0x02E8,0x02E8,0x02E8,0x02E8,0x02E8,
0x02E8,0x02E8,0x02E8,0x02E8,0x02E8,0x02E8,0x02E8,0x02E8,0x02E8,0x02E8,0x02E8,0x02E8,
0x02E8,0x02E8,0x02E8,0x02E8,0x02E8,0x02E8,0x02E8,0x02E8,0x02E8,0x02E8,0x02E8,0x02E8,
0x02E8,0x02E8,0x0188,0x0008,0x0008,0x0008,0x0008,0x0178,0x02E0,0x0178,0x0010,0x0008,
0x0008,0x0008,0x0008,0x0008,0x0008,0x0008,0x0008,0x0008,0x0008,0x0008,0x0008,0x0008,
0x0008,0x0008,0x0008,0x0008,0x0008,0x0008,0x0008,0x0008,0x0008,0x6110,0x0C63,0x79CE,
0xBEF7,0xBEF7,0xBEF7,0xBEF7,0x9EF7,0x79D6,0xB29C,0xEB62,0x6531,0x4110,0x0008,0x0008,
0x0008,0x0008,0x0008,0x0008,0x0008,0x0008,0x0008,0x0008,0x0008,0x0008,0x0008,0x0008,
0x0008,0x0008,0x0008,0x0008,0x0008,0x4110,0x6531,0xEB62,0x7194,0x38CE,0x9EF7,0xBEF7,
0x9EF7,0x18C6,0x8E73,0x2421,0x0000,0x0000,0x0000,0x0000,0x0000,0x0000,0x0000,0x0000,
0x0000,0x0000,0x0000,0x0000,0x0000,0x0000,0x0000,0x0000,0x0000,0x0000,0x0000,0x0000,
0x0000,0x0000,0x0000,0x0000,0x0000,0x0000,0x0000,0x0000,0x0000,0x0000,0x0000,0x0000,
0x0000,0x0000,0x0000,0x0000,0x0000,0x0000,0x0000,0x0000,0xC318,0x3CE7,0x3CEF,0x6531,
0x0008,0x0008,0x0008,0x0040,0x22C0,0x22F0,0x22F0,0x22F0,0x22F0,0x22F0,0x22E8,0x22B8,
0xE438,0x0008,0x0008,0x0040,0x02E0,0x01D0,0x0008,0x0008,0x0008,0x0008,0x0008,0x0008,
0x0010,0x01C0,0x02E8,0x02E8,0x02E8,0x02E8,0x02E8,0x02E8,0x02E8,0x02E8,0x02E8,0x02E8,
0x02E8,0x02E8,0x02E8,0x02E8,0x02E8,0x02E8,0x02E8,0x02E8,0x02E8,0x02E8,0x02E8,0x02E8,
0x02E8,0x02E8,0x02E8,0x02E8,0x02E8,0x02E8,0x02E8,0x02E8,0x02E8,0x01D8,0x0048,0x0008,
0x0008,0x0008,0x0008,0x0008,0x0018,0x0158,0x0150,0x0008,0x0008,0x0008,0x0008,0x0008,
0x0008,0x0008,0x0008,0x0008,0x0008,0x0008,0x0008,0x0008,0x0008,0x0008,0x0008,0x0008,
0x0008,0x0008,0x8218,0xCB62,0x34AD,0x5DEF,0xBEF7,0x1CE7,0x1084,0x0421,0x6529,0x2C63,
0xF3A4,0xBAD6,0xBEF7,0xBEF7,0xBEF7,0x9EF7,0x9AD6,0x96B5,0xB29C,0xCF83,0x2C6B,0x8A5A,
0x284A,0xA639,0x8639,0x8639,0x8639,0xC741,0x084A,0x6952,0x0C63,0xCF7B,0x7194,0x75B5,
0x9AD6,0x7DF7,0xBEF7,0xBEF7,0x9EF7,0x79CE,0x9294,0x8A52,0x8210,0x0000,0x0000,0x0000,
0x0000,0x0000,0x0000,0x0000,0x0000,0x0000,0x0000,0x0000,0x0000,0x0000,0x0000,0x0000,
0x0000,0x0000,0x0000,0x0000,0x0000,0x0000,0x0000,0x0000,0x0000,0x0000,0x0000,0x0000,
0x0000,0x0000,0x0000,0x0000,0x0000,0x0000,0x0000,0x0000,0x0000,0x0000,0x0000,0x0000,
0x0000,0x0000,0x0000,0x0000,0x75AD,0xBEF7,0x8A5A,0x0008,0x0008,0x0008,0x2168,0x22E8,
0x22F0,0x22F0,0x22F0,0x43F0,0x09F2,0xC8F1,0xC5F0,0x22F0,0xE8B9,0x6D7B,0x2008,0x0008,
0x0048,0x0180,0x0008,0x0008,0x0008,0x0008,0x0008,0x0008,0x0008,0x0028,0x02D8,0x02E8,
0x02E8,0x02E8,0x02E8,0x02E8,0x02E8,0x02E8,0x02E8,0x02E8,0x02E8,0x02E8,0x02E8,0x02E8,
0x02E8,0x02E8,0x02E8,0x02E8,0x02E8,0x02E8,0x02E8,0x02E8,0x02E8,0x02E8,0x02E8,0x02E8,
0x02E8,0x02E8,0x02E8,0x02E8,0x0190,0x0018,0x0008,0x0008,0x0008,0x0008,0x0008,0x0008,
0x0008,0x0008,0x0008,0x0008,0x0008,0x0008,0x0008,0x0008,0x0008,0x0008,0x0008,0x0008,
0x0008,0x0008,0x4110,0x0421,0x6531,0xE741,0x6952,0xAE7B,0x14A5,0x9AD6,0x9EF7,0xBEF7,
0x7DF7,0x96B5,0xEB5A,0x4108,0x0000,0x0000,0x0000,0x0000,0x0000,0x0000,0x6108,0xE739,
0x4D6B,0x9294,0x75B5,0x79D6,0x7DEF,0xBEF7,0xBEF7,0xBEF7,0xBEF7,0xBEF7,0xBEF7,0xBEF7,
0xBEF7,0xBEF7,0xBEF7,0xBEF7,0xBEF7,0xBEF7,0x9EF7,0xBADE,0xB6B5,0x9294,0x6D6B,0xE739,
0x6108,0x0000,0x0000,0x0000,0x0000,0x0000,0x0000,0x0000,0x0000,0x0000,0x0000,0x0000,
0x0000,0x0000,0x0000,0x0000,0x0000,0x0000,0x0000,0x0000,0x0000,0x0000,0x0000,0x0000,
0x0000,0x0000,0x0000,0x0000,0x0000,0x0000,0x0000,0x0000,0x0000,0x0000,0x0000,0x0000,
0x0000,0x0000,0x0000,0x0000,0x0000,0x0000,0x0000,0x0000,0x0000,0x0000,0x0000,0xC739,
0xBEF7,0x55AD,0x0008,0x0008,0x0008,0x2160,0x22F0,0x22F0,0x22F0,0x22F0,0x22F0,0x35FD,
0x5DFF,0x5DFF,0x3CFF,0x84F0,0x22F0,0x8EB3,0xD3AC,0x8218,0x0008,0x0008,0x0008,0x0008,
0x0008,0x0008,0x0008,0x0008,0x0008,0x0008,0x0030,0x02D8,0x02E8,0x02E8,0x02E8,0x02E8,
0x02E8,0x02E8,0x02E8,0x02E8,0x02E8,0x02E8,0x02E8,0x02E8,0x02E8,0x02E8,0x02E8,0x02E8,
0x02E8,0x02E8,0x02E8,0x02E8,0x02E8,0x02E8,0x02E8,0x02E8,0x02E8,0x02E8,0x01A0,0x0030,
0x0008,0x0008,0x2008,0xCB62,0x75BD,0x8A8A,0x0020,0x0008,0x0008,0x0008,0x0008,0x0008,
0x0008,0x0008,0x0008,0x0008,0x0008,0x0008,0x0008,0xE320,0x2C6B,0x55AD,0x5DEF,0xBEF7,
0xBEF7,0xBEF7,0xBEF7,0xBEF7,0x9EF7,0x79CE,0xD39C,0x8A52,0x6108,0x0000,0x0000,0x0000,
0x0000,0x0000,0x0000,0x0000,0x0000,0x0000,0x0000,0x0000,0x0000,0x0000,0x0000,0x0000,
0x0000,0x8210,0x2421,0xC739,0x494A,0x8A52,0x8A52,0xEB5A,0xAA52,0x8A52,0x494A,0xE741,
0x4529,0xA210,0x0000,0x0000,0x0000,0x0000,0x0000,0x0000,0x0000,0x0000,0x0000,0x0000,
0x0000,0x0000,0x0000,0x0000,0x0000,0x0000,0x0000,0x0000,0x0000,0x0000,0x0000,0x0000,
0x0000,0x0000,0x0000,0x0000,0x0000,0x0000,0x0000,0x0000,0x0000,0x0000,0x0000,0x0000,
0x0000,0x0000,0x0000,0x0000,0x0000,0x0000,0x0000,0x0000,0x0000,0x0000,0x0000,0x0000,
0x0000,0x0000,0x0000,0x0000,0x0000,0x0000,0x0000,0x55AD,0x9EF7,0x6531,0x0008,0x0008,
0x2028,0x22E0,0x22F0,0x22F0,0x22F0,0x22F0,0x22F0,0xAFF3,0x5DFF,0x5DFF,0xD7FD,0x43F0,
0x22F0,0x22E8,0xCFAB,0x0429,0x0008,0x0008,0x0008,0x0008,0x0008,0x0008,0x0008,0x0008,
0x0008,0x0008,0x0008,0x0028,0x01C0,0x02E8,0x02E8,0x02E8,0x02E8,0x02E8,0x02E8,0x02E8,
0x02E8,0x02E8,0x02E8,0x02E8,0x02E8,0x02E8,0x02E8,0x02E8,0x02E8,0x02E8,0x02E8,0x02E8,
0x02E8,0x02E8,0x02E8,0x02E0,0x0198,0x0030,0x0008,0x0008,0x2008,0x695A,0x18D6,0x1CF7,
0x6EC3,0x02E8,0x01C8,0x0008,0x0008,0x0008,0x0008,0x0008,0x0008,0x0008,0x0008,0x0008,
0x6110,0x1084,0x59CE,0xBEF7,0xBEF7,0xBEF7,0xFBDE,0x14A5,0x718C,0xAE7B,0xEB5A,0xC739,
0x4108,0x0000,0x0000,0x0000,0x0000,0x0000,0x0000,0x0000,0x0000,0x0000,0x0000,0x0000,
0x0000,0x0000,0x0000,0x0000,0x0000,0x0000,0x0000,0x0000,0x0000,0x0000,0x0000,0x0000,
0x0000,0x0000,0x0000,0x0000,0x0000,0x0000,0x0000,0x0000,0x0000,0x0000,0x0000,0x0000,
0x0000,0x0000,0x0000,0x0000,0x0000,0x0000,0x0000,0x0000,0x0000,0x0000,0x0000,0x0000,
0x0000,0x0000,0x0000,0x0000,0x0000,0x0000,0x0000,0x0000,0x0000,0x0000,0x0000,0x0000,
0x0000,0x0000,0x0000,0x0000,0x0000,0x0000,0x0000,0x0000,0x0000,0x0000,0x0000,0x0000,
0x0000,0x0000,0x0000,0x0000,0x0000,0x0000,0x0000,0x0000,0x0000,0x0000,0x0000,0x0000,
0x0000,0x0000,0xA210,0x7DF7,0xD7BD,0x0008,0x0008,0x0008,0x21A0,0x22F0,0x22F0,0x22F0,
0x22F0,0x22F0,0x22F0,0x22F0,0x05F1,0x46F1,0x42F0,0x22F0,0x21B0,0x2030,0x0008,0x0008,
0x0008,0x0008,0x0008,0x0008,0x0008,0x0008,0x0008,0x0008,0x0008,0x0008,0x0008,0x0008,
0x0010,0x0178,0x02E0,0x02E8,0x02E8,0x02E8,0x02E8,0x02E8,0x02E8,0x02E8,0x02E8,0x02E8,
0x02E8,0x02E8,0x02E8,0x02E8,0x02E8,0x02E8,0x02E8,0x02E8,0x02E8,0x01C0,0x0170,0x0018,
0x0008,0x0008,0x2008,0x6952,0xF7CD,0x1CF7,0xFBF6,0x09BA,0x02E8,0x02F0,0x02F0,0x0030,
0x0008,0x0008,0x0008,0x0008,0x0008,0x0008,0x0008,0x0008,0x0008,0x14A5,0xBEF7,0xBEF7,
0xD39C,0xC739,0x0000,0x0000,0x0000,0x0000,0x0000,0x0000,0x0000,0x0000,0x0000,0x0000,
0x0000,0x0000,0x0000,0x0000,0x0000,0x0000,0x0000,0x0000,0x0000,0x0000,0x0000,0x0000,
0x0000,0x0000,0x0000,0x0000,0x0000,0x0000,0x0000,0x0000,0x0000,0x0000,0x0000,0x0000,
0x0000,0x0000,0x0000,0x0000,0x0000,0x0000,0x0000,0x0000,0x0000,0x0000,0x0000,0x0000,
0x0000,0x0000,0x0000,0x0000,0x0000,0x0000,0x0000,0x0000,0x0000,0x0000,0x0000,0x0000,
0x0000,0x0000,0x0000,0x0000,0x0000,0x0000,0x0000,0x0000,0x0000,0x0000,0x0000,0x0000,
0x0000,0x0000,0x0000,0x0000,0x0000,0x0000,0x0000,0x0000,0x0000,0x0000,0x0000,0x0000,
0x0000,0x0000,0x0000,0x0000,0x0000,0x0000,0x0000,0x0000,0x0000,0x0000,0xCB5A,0xBEF7,
0x4D73,0x0008,0x0008,0x0030,0x22E8,0x22F0,0x22F0,0x22F0,0x22F0,0x22F0,0x22F0,0x22F0,
0x22F0,0x22F0,0x22F0,0x26D1,0xECA2,0xB2BC,0xBAEE,0xDBEE,0x38D6,0xB2A4,0x4952,0x2008,
0x0008,0x0008,0x0008,0x0008,0x0008,0x0008,0x0008,0x0008,0x0008,0x0008,0x0020,0x0180,
0x02D8,0x02E8,0x02E8,0x02E8,0x02E8,0x02E8,0x02E8,0x02E8,0x02E8,0x02E8,0x02E8,0x02E8,
0x02E8,0x01D0,0x01A0,0x0168,0x0020,0x0008,0x0008,0x0008,0xE328,0xAE83,0x79DE,0x1CF7,
0x1CF7,0x14D5,0x63C8,0x02F0,0x02F0,0x02F0,0x02F0,0x0180,0x0008,0x0008,0x0008,0x0008,
0x0008,0x0008,0x0008,0x0008,0x0008,0x4110,0x75B5,0xBEF7,0x1CE7,0x518C,0x1084,0x1084,
0x6D6B,0x494A,0xC318,0x0000,0x0000,0x0000,0x0000,0x0000,0x0000,0x0000,0x0000,0x0000,
0x0000,0x0000,0x0000,0x0000,0x0000,0x0000,0x0000,0x0000,0x0000,0x0000,0x0000,0x0000,
0x0000,0x0000,0x0000,0x0000,0x0000,0x0000,0x0000,0x0000,0x0000,0x0000,0x0000,0x0000,
0x0000,0x0000,0x0000,0x0000,0x0000,0x0000,0x0000,0x0000,0x0000,0x0000,0x0000,0x0000,
0x0000,0x0000,0x0000,0x0000,0x0000,0x0000,0x0000,0x0000,0x0000,0x0000,0x0000,0x0000,
0x0000,0x0000,0x0000,0x0000,0x0000,0x0000,0x0000,0x0000,0x0000,0x0000,0x0000,0x0000,
0x0000,0x0000,0x0000,0x0000,0x0000,0x0000,0x0000,0x0000,0x0000,0x0000,0x0000,0x0000,
0x0000,0x0000,0x0000,0x0000,0x0000,0x0000,0x9294,0xBEF7,0x4531,0x0008,0x0008,0x2170,
0x22F0,0x22F0,0x22F0,0x22F0,0x22F0,0x22F0,0x22F0,0x22F0,0x22F0,0x22F0,0x22F0,0x22F0,
0x22F0,0x22F0,0x43E8,0xA7C9,0x31BC,0xBAEE,0x3CF7,0x38D6,0xC741,0x0008,0x0008,0x0008,
0x0008,0x0008,0x0008,0x0008,0x0008,0x0038,0x0010,0x0008,0x0008,0x0040,0x0178,0x0188,
0x0190,0x01A0,0x0198,0x0190,0x0188,0x0178,0x0158,0x0040,0x0018,0x0008,0x0008,0x0008,
0x0008,0xA218,0xAA5A,0x14B5,0x1CF7,0x1CF7,0x1CF7,0xF4D4,0xE5B8,0x02E8,0x02F0,0x02F0,
0x02F0,0x02F0,0x02F0,0x02D0,0x0008,0x0008,0x0008,0x0008,0x0008,0x0008,0x0008,0x0008,
0x0008,0x0008,0x2008,0x4D6B,0x79D6,0x9AD6,0xBADE,0x5DEF,0xBEF7,0xBEF7,0xBEF7,0x59CE,
0xAE73,0xA210,0x0000,0x0000,0x0000,0x0000,0x0000,0x0000,0x0000,0x0000,0x0000,0x0000,
0x0000,0x0000,0x0000,0x0000,0x0000,0x0000,0x0000,0x0000,0x0000,0x0000,0x0000,0x0000,
0x0000,0x0000,0x0000,0x0000,0x0000,0x0000,0x0000,0x0000,0x0000,0x0000,0x0000,0x0000,
0x0000,0x0000,0x0000,0x0000,0x0000,0x0000,0x0000,0x0000,0x0000,0x0000,0x0000,0x0000,
0x0000,0x0000,0x0000,0x0000,0x0000,0x0000,0x0000,0x0000,0x0000,0x0000,0x0000,0x0000,
0x0000,0x0000,0x0000,0x0000,0x0000,0x0000,0x0000,0x0000,0x0000,0x0000,0x0000,0x0000,
0x0000,0x0000,0x0000,0x0000,0x0000,0x0000,0x0000,0x0000,0x0000,0x0000,0x0000,0x0000,
0x0000,0x0000,0x96B5,0x5DEF,0x2008,0x0008,0x0008,0x21A8,0x22F0,0x22F0,0x22F0,0x22F0,
0x22F0,0x22F0,0x22F0,0x22F0,0x22F0,0x22F0,0x22F0,0x22F0,0x22F0,0x22F0,0x22F0,0x22F0,
0x22F0,0x83E0,0x10BC,0x1CF7,0x1CF7,0xCB62,0x0008,0x0010,0x0050,0x0008,0x0008,0x0008,
0x0008,0x0048,0x02D0,0x0168,0x0010,0x0008,0x0008,0x0008,0x0008,0x0008,0x0008,0x0008,
0x0008,0x0008,0x0008,0x0008,0x0008,0x2010,0x8639,0x8E83,0xB6C5,0x1CF7,0x1CF7,0x1CF7,
0x76DD,0x49BA,0x63C0,0x02E8,0x02F0,0x02F0,0x02F0,0x02F0,0x02F0,0x02F0,0x02F0,0x02F0,
0x0150,0x0008,0x0008,0x0008,0x0008,0x0008,0x0008,0x0008,0x0008,0x0008,0x0008,0x0008,
0x0008,0x0008,0x0008,0x0008,0x0421,0x8A52,0xB29C,0x1CE7,0xBEF7,0x5DEF,0x3084,0x6108,
0x0000,0x0000,0x0000,0x0000,0x0000,0x0000,0x0000,0x0000,0x0000,0x0000,0x0000,0x0000,
0x0000,0x0000,0x0000,0x0000,0x0000,0x0000,0x0000,0x0000,0x0000,0x0000,0x0000,0x0000,
0x0000,0x0000,0x0000,0x0000,0x0000,0x0000,0x0000,0x0000,0x0000,0x0000,0x0000,0x0000,
0x0000,0x0000,0x0000,0x0000,0x0000,0x0000,0x0000,0x0000,0x0000,0x0000,0x0000,0x0000,
0x0000,0x0000,0x0000,0x0000,0x0000,0x0000,0x0000,0x0000,0x0000,0x0000,0x0000,0x0000,
0x0000,0x0000,0x0000,0x0000,0x0000,0x0000,0x0000,0x0000,0x0000,0x0000,0x0000,0x0000,
0x0000,0x0000,0x0000,0x0000,0x0000,0x0000,0x0000,0x0000,0x0000,0x0000,0x96B5,0x9AD6,
0x0008,0x0008,0x0008,0x22D0,0x22F0,0x22F0,0x22F0,0x22F0,0x22F0,0x22F0,0x22F0,0x22F0,
0x22F0,0x22F0,0x22F0,0x22F0,0x22F0,0x22F0,0x22F0,0x22F0,0x22F0,0x4AF2,0x76F5,0xC8C9,
0x79E6,0x1CF7,0x695A,0x0008,0x0178,0x0048,0x0008,0x0008,0x0008,0x0008,0x02D0,0x02F0,
0x02E0,0x01A0,0x0168,0x0150,0x0048,0x0038,0x0038,0x0038,0x0038,0xA340,0x8A6A,0x929C,
0xD7CD,0xFBEE,0x1CF7,0xD7DD,0x31CC,0xCBBA,0x25B9,0x22D0,0x02F0,0x02F0,0x02F0,0x02F0,
0x02F0,0x02F0,0x02F0,0x02F0,0x02F0,0x02F0,0x02F0,0x02F0,0x01B0,0x0008,0x0008,0x0008,
0x0008,0x0008,0x0040,0x0178,0x0178,0x0160,0x0020,0x0008,0x0008,0x0008,0x0008,0x0008,
0x0008,0x0008,0x0008,0x4110,0xEB62,0xBADE,0xBEF7,0xDBDE,0x0842,0x0000,0x0000,0x0000,
0x0000,0x0000,0x0000,0x0000,0x0000,0x0000,0x0000,0x0000,0x0000,0x0000,0x0000,0x0000,
0x0000,0x0000,0x0000,0x0000,0x0000,0x0000,0x0000,0x0000,0x0000,0x0000,0x0000,0x0000,
0x0000,0x0000,0x0000,0x0000,0x0000,0x0000,0x0000,0x0000,0x0000,0x0000,0x0000,0x0000,
0x0000,0x0000,0x0000,0x0000,0x0000,0x0000,0x0000,0x0000,0x0000,0x0000,0x0000,0x0000,
0x0000,0x0000,0x0000,0x0000,0x0000,0x0000,0x0000,0x0000,0x0000,0x0000,0x0000,0x0000,
0x0000,0x0000,0x0000,0x0000,0x0000,0x0000,0x0000,0x0000,0x0000,0x0000,0x0000,0x0000,
0x0000,0x0000,0x0000,0x0000,0x0000,0x0000,0x96B5,0x59CE,0x0008,0x0008,0x0010,0x22E8,
0x22F0,0x22F0,0x22F0,0x22F0,0x22F0,0x22F0,0x22F0,0x22F0,0x22F0,0x22F0,0x22F0,0x22F0,
0x22F0,0x22F0,0x22F0,0x22F0,0x22F0,0x22F0,0x2AF2,0x83F0,0x05D1,0x39DE,0xBAE6,0xE320,
0x0008,0x0198,0x0030,0x0008,0x0008,0x0008,0x0160,0x02F0,0x02F0,0x02F0,0x02F0,0x02F0,
0x02F0,0x02F0,0x02F0,0x02F0,0x02F0,0x02F0,0x02F0,0x02E8,0x02E0,0x02E8,0x02F0,0x02F0,
0x02F0,0x02F0,0x02F0,0x02F0,0x02F0,0x02F0,0x02F0,0x02F0,0x02F0,0x02F0,0x02F0,0x02F0,
0x02F0,0x02F0,0x02F0,0x02F0,0x02E0,0x0008,0x0008,0x0008,0x0008,0x0008,0x01A0,0x02E0,
0x02E0,0x01A8,0x0010,0x0008,0x0008,0x4110,0xE320,0x6539,0x0429,0x8218,0x0008,0x0008,
0x0008,0x4110,0xEF83,0x9EF7,0x9EF7,0xAE7B,0x8210,0x0000,0x0000,0x0000,0x0000,0x0000,
0x0000,0x0000,0x0000,0x0000,0x0000,0x0000,0x0000,0x0000,0x0000,0x0000,0x0000,0x0000,
0x0000,0x0000,0x0000,0x0000,0x0000,0x0000,0x0000,0x0000,0x0000,0x0000,0x0000,0x0000,
0x0000,0x0000,0x0000,0x0000,0x0000,0x0000,0x0000,0x0000,0x0000,0x0000,0x0000,0x0000,
0x0000,0x0000,0x0000,0x0000,0x0000,0x0000,0x0000,0x0000,0x0000,0x0000,0x0000,0x0000,
0x0000,0x0000,0x0000,0x0000,0x0000,0x0000,0x0000,0x0000,0x0000,0x0000,0x0000,0x0000,
0x0000,0x0000,0x0000,0x0000,0x0000,0x0000,0x0000,0x0000,0x0000,0x0000,0x0000,0x0000,
0x0000,0x0000,0x96B5,0x18C6,0x0008,0x0008,0x2020,0x22F0,0x22F0,0x22F0,0x22F0,0x22F0,
0x22F0,0x22F0,0x22F0,0x22F0,0x22F0,0x22F0,0x22F0,0x22F0,0x22E0,0x22E0,0x22F0,0x22F0,
0x22F0,0x22F0,0x22F0,0x22F0,0x22F0,0x46C9,0xBAEE,0xB2A4,0x0008,0x0018,0x01B0,0x0030,
0x0008,0x0008,0x0008,0x01C0,0x02F0,0x02F0,0x02F0,0x02F0,0x02F0,0x02F0,0x02F0,0x02F0,
0x02F0,0x02F0,0x02F0,0x02F0,0x02F0,0x02F0,0x02F0,0x02F0,0x02F0,0x02F0,0x02F0,0x02F0,
0x02F0,0x02F0,0x02F0,0x02F0,0x02F0,0x02F0,0x02F0,0x02F0,0x02F0,0x02F0,0x02F0,0x02F0,
0x0190,0x0008,0x0008,0x0008,0x0008,0x0008,0x0178,0x02E0,0x01A0,0x0010,0x0008,0x2140,
0x0489,0x49B2,0x49BA,0xEBBA,0x6EBB,0x14D5,0x38D6,0x719C,0x084A,0x2008,0x0008,0xC741,
0xFBE6,0xBEF7,0x9EF7,0x96B5,0x8A52,0x0000,0x0000,0x0000,0x0000,0x0000,0x0000,0x0000,
0x0000,0x0000,0x0000,0x0000,0x0000,0x0000,0x0000,0x0000,0x0000,0x0000,0x0000,0x0000,
0x0000,0x0000,0x0000,0x0000,0x0000,0x0000,0x0000,0x0000,0x0000,0x0000,0x0000,0x0000,
0x0000,0x0000,0x0000,0x0000,0x0000,0x0000,0x0000,0x0000,0x0000,0x0000,0x0000,0x0000,
0x0000,0x0000,0x0000,0x0000,0x0000,0x0000,0x0000,0x0000,0x0000,0x0000,0x0000,0x0000,
0x0000,0x0000,0x0000,0x0000,0x0000,0x0000,0x0000,0x0000,0x0000,0x0000,0x0000,0x0000,
0x0000,0x0000,0x0000,0x0000,0x0000,0x0000,0x0000,0x0000,0x0000,0x0000,0x96B5,0xF7C5,
0x0008,0x0008,0x2020,0x22F0,0x22F0,0x22F0,0x22F0,0x22F0,0x22F0,0x22F0,0x22F0,0x22F0,
0x22F0,0x22F0,0x22F0,0x22F0,0x22E8,0x0038,0x22D0,0x22F0,0x22F0,0x22F0,0x22F0,0x22F0,
0x22F0,0x22F0,0xCCBA,0x1CF7,0x4531,0x0008,0x0038,0x01C0,0x0040,0x0008,0x0008,0x0030,
0x02E0,0x02F0,0x02F0,0x02F0,0x02F0,0x02F0,0x02F0,0x02F0,0x02F0,0x02F0,0x02F0,0x02F0,
0x02F0,0x02F0,0x02F0,0x02F0,0x02F0,0x02F0,0x02F0,0x02F0,0x02F0,0x02F0,0x02F0,0x02F0,
0x02F0,0x02F0,0x02F0,0x02F0,0x02F0,0x02F0,0x02D8,0x0150,0x0008,0x0008,0x0008,0x0008,
0x0008,0x0008,0x0008,0x0160,0x0008,0x0008,0x4188,0x83E8,0x83E8,0x83E8,0x83E8,0x83E8,
0x83E8,0x83E8,0x83D0,0x4DBB,0x9AE6,0x3094,0x2008,0x0008,0x0429,0x9294,0x9AD6,0xBEF7,
0xBEF7,0xBAD6,0xCB5A,0x0000,0x0000,0x0000,0x0000,0x0000,0x0000,0x0000,0x0000,0x0000,
0x0000,0x0000,0x0000,0x0000,0x0000,0x0000,0x0000,0x0000,0x0000,0x0000,0x0000,0x0000,
0x0000,0x0000,0x0000,0x0000,0x0000,0x0000,0x0000,0x0000,0x0000,0x0000,0x0000,0x0000,
0x0000,0x0000,0x0000,0x0000,0x0000,0x0000,0x0000,0x0000,0x0000,0x0000,0x0000,0x0000,
0x0000,0x0000,0x0000,0x0000,0x0000,0x0000,0x0000,0x0000,0x0000,0x0000,0x0000,0x0000,
0x0000,0x0000,0x0000,0x0000,0x0000,0x0000,0x0000,0x0000,0x0000,0x0000,0x0000,0x0000,
0x0000,0x0000,0x0000,0x0000,0x0000,0x0000,0x96B5,0x9AD6,0x0008,0x0008,0x2020,0x22F0,
0x22F0,0x22F0,0x22F0,0x22F0,0x22F0,0x22F0,0x22F0,0x22F0,0x22F0,0x22F0,0x22F0,0x22F0,
0x22F0,0x2168,0x0018,0x21A8,0x22F0,0x22F0,0x22F0,0x22F0,0x22F0,0x22F0,0x22E8,0xB6CD,
0x2C73,0x0008,0x0008,0x0168,0x01D0,0x0158,0x0008,0x0008,0x0050,0x02E8,0x02F0,0x02F0,
0x02F0,0x02F0,0x02F0,0x02F0,0x02F0,0x02F0,0x02F0,0x02F0,0x02F0,0x02F0,0x02F0,0x02F0,
0x02F0,0x02F0,0x02F0,0x02F0,0x02F0,0x02F0,0x02F0,0x02F0,0x02F0,0x02F0,0x02F0,0x02F0,
0x02E8,0x0188,0x0018,0x0008,0x4531,0x14AD,0x79DE,0x8639,0x0008,0x0008,0x0008,0x0008,
0x0008,0x0008,0x62D8,0x83E8,0x83E8,0x83E8,0x83E8,0x83E8,0x83E8,0x83E8,0x62B0,0x2140,
0x0008,0x0008,0x0008,0x0008,0x0008,0x0008,0x0008,0xA639,0xB29C,0x7DEF,0xBEF7,0xF7C5,
0x2421,0x0000,0x0000,0x0000,0x0000,0x0000,0x0000,0x0000,0x0000,0x0000,0x0000,0x0000,
0x0000,0x0000,0x0000,0x0000,0x0000,0x0000,0x0000,0x0000,0x0000,0x0000,0x0000,0x0000,
0x0000,0x0000,0x0000,0x0000,0x0000,0x0000,0x0000,0x0000,0x0000,0x0000,0x0000,0x0000,
0x0000,0x0000,0x0000,0x0000,0x0000,0x0000,0x0000,0x0000,0x0000,0x0000,0x0000,0x0000,
0x0000,0x0000,0x0000,0x0000,0x0000,0x0000,0x0000,0x0000,0x0000,0x0000,0x0000,0x0000,
0x0000,0x0000,0x0000,0x0000,0x0000,0x0000,0x0000,0x0000,0x0000,0x0000,0x0000,0x0000,
0x0000,0x0000,0x96B5,0x5DEF,0x0008,0x0008,0x0008,0x22E8,0x22F0,0x22F0,0x22F0,0x22F0,
0x22F0,0x22F0,0x22F0,0x22F0,0x22F0,0x22F0,0x22F0,0x22F0,0x22F0,0x22D8,0x0018,0x0008,
0x2160,0x22D0,0x22F0,0x22F0,0x22F0,0x22F0,0x22F0,0x09C2,0xCF83,0x0008,0x0008,0x0008,
0x0160,0x01C8,0x0170,0x0008,0x0008,0x0150,0x02E0,0x02F0,0x02F0,0x02F0,0x02F0,0x02F0,
0x02F0,0x02F0,0x02F0,0x02F0,0x02F0,0x02F0,0x02F0,0x02F0,0x02F0,0x02F0,0x02F0,0x02F0,
0x02F0,0x02F0,0x02F0,0x02F0,0x02F0,0x02F0,0x02E8,0x0190,0x0020,0x0008,0x8218,0xEF83,
0x1CEF,0x5DF7,0xAFC3,0x42B8,0x0020,0x0008,0x0008,0x0008,0x0008,0x0008,0x62C0,0x83E8,
0x83E8,0x83E8,0x83E8,0x83E8,0x62D0,0x2150,0x0008,0x0008,0x0008,0x0008,0x0008,0x0008,
0x0008,0x0008,0x0008,0x0008,0x0008,0x0421,0xD39C,0x9EF7,0x5DEF,0xAA5A,0x0000,0x0000,
0x0000,0x0000,0x0000,0x0000,0x0000,0x0000,0x0000,0x0000,0x0000,0x0000,0x0000,0x0000,
0x0000,0x0000,0x0000,0x0000,0x0000,0x0000,0x0000,0x0000,0x0000,0x0000,0x0000,0x0000,
0x0000,0x0000,0x0000,0x0000,0x0000,0x0000,0x0000,0x0000,0x0000,0x0000,0x0000,0x0000,
0x0000,0x0000,0x0000,0x0000,0x0000,0x0000,0x0000,0x0000,0x0000,0x0000,0x0000,0x0000,
0x0000,0x0000,0x0000,0x0000,0x0000,0x0000,0x0000,0x0000,0x0000,0x0000,0x0000,0x0000,
0x0000,0x0000,0x0000,0x0000,0x0000,0x0000,0x0000,0x0000,0x0000,0x0000,0x96B5,0xBEF7,
0x6110,0x0008,0x0008,0x22D0,0x22F0,0x22F0,0x22F0,0x22F0,0x22F0,0x22F0,0x22F0,0x22F0,
0x22F0,0x22F0,0x22F0,0x22F0,0x22F0,0x22F0,0x21A0,0x0008,0x0008,0x0010,0x2160,0x22D0,
0x22F0,0x22F0,0x22F0,0x22E8,0xCB7A,0x0008,0x0008,0x0008,0x0008,0x0018,0x0178,0x0178,
0x0010,0x0008,0x0030,0x02C8,0x02F0,0x02F0,0x02F0,0x02F0,0x02F0,0x02F0,0x02F0,0x02F0,
0x02F0,0x02F0,0x02F0,0x02F0,0x02F0,0x02F0,0x02F0,0x02F0,0x02F0,0x02F0,0x02F0,0x02F0,
0x02D0,0x0178,0x0020,0x0008,0x8218,0x8E7B,0xDBE6,0x5DF7,0xB6DD,0xE5B8,0x22E8,0x22E8,
0x22C0,0x0018,0x0008,0x0008,0x0008,0x0008,0x4160,0x83E8,0x83E8,0x83E8,0x83E8,0x62C8,
0x2020,0x0008,0x2008,0xE749,0x2C83,0x8EA3,0xF7DD,0x3CF7,0x3CF7,0x38D6,0x14AD,0xAA62,
0x8210,0x0008,0x0008,0x284A,0xFBE6,0x9EF7,0xCF7B,0x0000,0x0000,0x0000,0x0000,0x0000,
0x0000,0x0000,0x0000,0x0000,0x0000,0x0000,0x0000,0x0000,0x0000,0x0000,0x0000,0x0000,
0x0000,0x0000,0x0000,0x0000,0x0000,0x0000,0x0000,0x0000,0x0000,0x0000,0x0000,0x0000,
0x0000,0x0000,0x0000,0x0000,0x0000,0x0000,0x0000,0x0000,0x0000,0x0000,0x0000,0x0000,
0x0000,0x0000,0x0000,0x0000,0x0000,0x0000,0x0000,0x0000,0x0000,0x0000,0x0000,0x0000,
0x0000,0x0000,0x0000,0x0000,0x0000,0x0000,0x0000,0x0000,0x0000,0x0000,0x0000,0x0000,
0x0000,0x0000,0x0000,0x0000,0x0000,0x0000,0xD39C,0xBEF7,0xC741,0x0008,0x0008,0x21A0,
0x22F0,0x22F0,0x22F0,0x22F0,0x22F0,0x22F0,0x22F0,0x22F0,0x22F0,0x22F0,0x22F0,0x22F0,
0x22F0,0x22F0,0x22F0,0x2158,0x0008,0x0008,0x0008,0x0010,0x2168,0x22E0,0x22F0,0x22F0,
0x8280,0x0008,0x0008,0xE741,0x6110,0x0008,0x0008,0x0008,0x0018,0x0008,0x0008,0x0010,
0x0170,0x02D8,0x02F0,0x02F0,0x02F0,0x02F0,0x02F0,0x02F0,0x02F0,0x02F0,0x02F0,0x02F0,
0x02F0,0x02F0,0x02F0,0x02F0,0x02F0,0x02D0,0x0188,0x0040,0x0008,0x0008,0xC320,0xEF83,
0xDBEE,0x5DF7,0xF8DD,0xA7B9,0x22E8,0x22E8,0x22E8,0x22E8,0x22E8,0x22B8,0x0018,0x0008,
0x0008,0x0008,0x0008,0x4180,0x83E8,0x83E8,0x62B0,0x2020,0x0008,0x2170,0x22D0,0x22E8,
0x22F0,0x22F0,0x22F0,0x22D8,0xE4B8,0xABBA,0x18E6,0x3CF7,0xBAE6,0x4D73,0x4110,0x0008,
0xE320,0x38CE,0xBEF7,0x6D73,0x0000,0x0000,0x0000,0x0000,0x0000,0x0000,0x0000,0x0000,
0x0000,0x0000,0x0000,0x0000,0x0000,0x0000,0x0000,0x0000,0x0000,0x0000,0x0000,0x0000,
0x0000,0x0000,0x0000,0x0000,0x0000,0x0000,0x0000,0x0000,0x0000,0x0000,0x0000,0x0000,
0x0000,0x0000,0x0000,0x0000,0x0000,0x0000,0x0000,0x0000,0x0000,0x0000,0x0000,0x0000,
0x0000,0x0000,0x0000,0x0000,0x0000,0x0000,0x0000,0x0000,0x0000,0x0000,0x0000,0x0000,
0x0000,0x0000,0x0000,0x0000,0x0000,0x0000,0x0000,0x0000,0x0000,0x0000,0x0000,0x0000,
0x0000,0x0000,0xEB62,0xBEF7,0x8E73,0x0008,0x0008,0x2168,0x22F0,0x22F0,0x22F0,0x22F0,
0x22F0,0x22F0,0x22F0,0x22F0,0x22F0,0x22F0,0xCCF2,0x67F1,0x22F0,0x22F0,0x22F0,0x21A8,
0x0008,0x0008,0x0008,0x0008,0x0008,0x0018,0x2190,0x22E8,0x2180,0x0008,0x0008,0x38CE,
0xBAE6,0x6D7B,0x6110,0x0008,0x0008,0x0008,0x0008,0x0008,0x0008,0x0010,0x0158,0x01A8,
0x02E0,0x02F0,0x02F0,0x02F0,0x02F0,0x02F0,0x02F0,0x02E8,0x02D0,0x01B0,0x0190,0x0158,
0x0028,0x0008,0x0008,0x2008,0x084A,0xD3A4,0x1CEF,0x5DF7,0x72CC,0x25B9,0x22E8,0x22E8,
0x22E8,0x22E8,0x22E8,0x22E8,0x22E8,0x22E8,0x22C8,0x2028,0x0008,0x0008,0x0008,0x0008,
0x2028,0x4160,0x0008,0x0008,0x2178,0x22F0,0x22F0,0x22F0,0x22F0,0x22F0,0x22F0,0x22F0,
0x22F0,0x22F0,0x22E8,0xE5B8,0xB2CC,0x3CF7,0xD7C5,0xE328,0x0008,0x8218,0x18C6,0x9EF7,
0x8A52,0x0000,0x0000,0x0000,0x0000,0x0000,0x0000,0x0000,0x0000,0x0000,0x0000,0x0000,
0x0000,0x0000,0x0000,0x0000,0x0000,0x0000,0x0000,0x0000,0x0000,0x0000,0x0000,0x0000,
0x0000,0x0000,0x0000,0x0000,0x0000,0x0000,0x0000,0x0000,0x0000,0x0000,0x0000,0x0000,
0x0000,0x0000,0x0000,0x0000,0x0000,0x0000,0x0000,0x0000,0x0000,0x0000,0x0000,0x0000,
0x0000,0x0000,0x0000,0x0000,0x0000,0x0000,0x0000,0x0000,0x0000,0x0000,0x0000,0x0000,
0x0000,0x0000,0x0000,0x0000,0x0000,0x0000,0x0000,0x0000,0x0000,0x0000,0xE318,0x9EF7,
0x34AD,0x0008,0x0008,0x0018,0x22E8,0x22F0,0x22F0,0x22F0,0x22F0,0x22F0,0x22F0,0x22F0,
0x22F0,0x22F0,0x0DF3,0x5DFF,0xD0F3,0x22F0,0x22F0,0x22E8,0x0020,0x0008,0x0008,0x0008,
0x0008,0x0008,0x0008,0x0030,0x0030,0x0008,0x6110,0x3DF7,0x5DF7,0x5DF7,0xD7C5,0x4110,
0x0008,0x0008,0x0008,0x0008,0x0008,0x0008,0x0008,0x0008,0x0010,0x0020,0x0028,0x0030,
0x0030,0x0028,0x0018,0x0010,0x0008,0x0008,0x0008,0x0008,0x2008,0x8639,0xCF83,0x79DE,
0x7AEE,0xF0C3,0x87B9,0x42D0,0x22E8,0x22E8,0x22E8,0x22E8,0x22E8,0x22E8,0x22E8,0x22E8,
0x22E8,0x22E8,0x22E8,0x22D8,0x0030,0x0008,0x0008,0x0008,0x0008,0x0008,0x0008,0x0008,
0x22D8,0x22F0,0x22F0,0x22F0,0x22F0,0x22F0,0x22F0,0x22F0,0x22F0,0x22F0,0x22F0,0x22F0,
0x22E8,0x05B9,0xD7DD,0xBAE6,0x8639,0x0008,0xA218,0xBADE,0x3CEF,0x0421,0x0000,0x0000,
0x0000,0x0000,0x0000,0x0000,0x0000,0x0000,0x0000,0x0000,0x0000,0x0000,0x0000,0x0000,
0x0000,0x0000,0x0000,0x0000,0x0000,0x0000,0x0000,0x0000,0x0000,0x0000,0x0000,0x0000,
0x0000,0x0000,0x0000,0x0000,0x0000,0x0000,0x0000,0x0000,0x0000,0x0000,0x0000,0x0000,
0x0000,0x0000,0x0000,0x0000,0x0000,0x0000,0x0000,0x0000,0x0000,0x0000,0x0000,0x0000,
0x0000,0x0000,0x0000,0x0000,0x0000,0x0000,0x0000,0x0000,0x0000,0x0000,0x0000,0x0000,
0x0000,0x0000,0x0000,0x0000,0x0000,0x0000,0x0000,0x18C6,0x5DEF,0x6110,0x0008,0x0008,
0x21A8,0x22F0,0x22F0,0x22F0,0x22F0,0x22F0,0x22F0,0x22F0,0x22F0,0x22F0,0xA4F0,0x1CFF,
0x7DFF,0x93F4,0x22F0,0x22F0,0x2178,0x0008,0x0008,0x0008,0x0008,0x0008,0x0008,0x0008,
0x0008,0x0008,0xE741,0x5DF7,0x5DF7,0x929C,0x8218,0x0008,0x0008,0x0008,0x0008,0x0008,
0x0008,0x0008,0x0008,0x0010,0x0008,0x0008,0x0008,0x0008,0x0008,0x0008,0x0008,0x0008,
0x0010,0x0030,0x4158,0x0481,0xE8A9,0x87B9,0xC4B8,0x42D0,0x22E8,0x22E8,0x22E8,0x22E8,
0x22E8,0x22E8,0x22E8,0x22E8,0x22E8,0x22E8,0x22E8,0x22E8,0x22E8,0x22E8,0x22E8,0x22C8,
0x2028,0x0020,0x0018,0x0008,0x0008,0x0008,0x0008,0x0008,0x21A8,0x22F0,0x22F0,0x22F0,
0x22F0,0x22F0,0x22F0,0x22F0,0x22F0,0x22F0,0x22F0,0x22F0,0x22F0,0x22F0,0x22D8,0x6EC3,
0xBAE6,0x4531,0x0008,0x8639,0x7DEF,0xD7BD,0x0000,0x0000,0x0000,0x0000,0x0000,0x0000,
0x0000,0x0000,0x0000,0x0000,0x0000,0x0000,0x0000,0x0000,0x0000,0x0000,0x0000,0x0000,
0x0000,0x0000,0x0000,0x0000,0x0000,0x0000,0x0000,0x0000,0x0000,0x0000,0x0000,0x0000,
0x0000,0x0000,0x0000,0x0000,0x0000,0x0000,0x0000,0x0000,0x0000,0x0000,0x0000,0x0000,
0x0000,0x0000,0x0000,0x0000,0x0000,0x0000,0x0000,0x0000,0x0000,0x0000,0x0000,0x0000,
0x0000,0x0000,0x0000,0x0000,0x0000,0x0000,0x0000,0x0000,0x0000,0x0000,0x0000,0x0000,
0x0000,0x0000,0x0000,0x6D6B,0xBEF7,0xEB62,0x0008,0x0008,0x0038,0x22F0,0x22F0,0x22F0,
0x22F0,0x22F0,0x22F0,0x22F0,0x22F0,0x22F0,0x22F0,0x4EF3,0x7DFF,0x7DFF,0x2AF2,0x22F0,
0x22D8,0x0010,0x0008,0x0008,0x0008,0x5194,0xEC6A,0x4110,0x0008,0x0008,0x8E7B,0x5DF7,
0xAE7B,0x0008,0x0008,0x0150,0x0188,0x0150,0x0008,0x0008,0x0008,0x0008,0x0008,0x0010,
0x21A8,0x21B8,0x21A8,0x21A0,0x21A0,0x21B0,0x22B8,0x22D0,0x22E8,0x22E8,0x22E8,0x22E8,
0x22E8,0x22E8,0x22E8,0x22E8,0x22E8,0x22E8,0x22E8,0x22E8,0x22E8,0x22E8,0x22E8,0x22E8,
0x22E8,0x22E8,0x22E8,0x22E8,0x22E8,0x22E8,0x2190,0x0010,0x0048,0x02D8,0x02E0,0x0188,
0x0018,0x0008,0x0008,0x0008,0x0008,0x0180,0x22E8,0x22F0,0x22F0,0x22F0,0x22F0,0x22F0,
0x22F0,0x22F0,0x22F0,0x22F0,0x22F0,0x22F0,0x22F0,0x22E8,0xE8B1,0x59D6,0x6110,0x0008,
0xCF7B,0xBEF7,0xAA52,0x0000,0x0000,0x0000,0x0000,0x0000,0x0000,0x0000,0x0000,0x0000,
0x0000,0x0000,0x0000,0x0000,0x0000,0x0000,0x0000,0x0000,0x0000,0x0000,0x0000,0x0000,
0x0000,0x0000,0x0000,0x0000,0x0000,0x0000,0x0000,0x0000,0x0000,0x0000,0x0000,0x0000,
0x0000,0x0000,0x0000,0x0000,0x0000,0x0000,0x0000,0x0000,0x0000,0x0000,0x0000,0x0000,
0x0000,0x0000,0x0000,0x0000,0x0000,0x0000,0x0000,0x0000,0x0000,0x0000,0x0000,0x0000,
0x0000,0x0000,0x0000,0x0000,0x0000,0x0000,0x0000,0x0000,0x0000,0x0000,0x0000,0x8210,
0x5DEF,0xD7BD,0x0008,0x0008,0x0008,0x21A8,0x22F0,0x22F0,0x22F0,0x22F0,0x22F0,0x22F0,
0x22F0,0x22F0,0x22F0,0x22F0,0xB7FD,0x7DFF,0x18FE,0x22F0,0x22F0,0x2178,0x0008,0x0008,
0x0008,0x0C6B,0x5DF7,0xD7C5,0x4531,0x2429,0x79D6,0x8E7B,0x0008,0x0010,0x0198,0x02E8,
0x02E8,0x02E8,0x0190,0x0008,0x0008,0x0008,0x0008,0x0008,0x0030,0x22E0,0x22E8,0x22E8,
0x22E8,0x22E8,0x22E8,0x22E8,0x22E8,0x22E8,0x22E8,0x22E8,0x22E8,0x22E8,0x22E8,0x22E8,
0x22E8,0x22E8,0x22E8,0x22E8,0x22E8,0x22E8,0x22E8,0x22E8,0x22E8,0x22E8,0x22E8,0x22E8,
0x22D0,0x2150,0x0008,0x0170,0x02E8,0x02E8,0x02E8,0x02E8,0x01C8,0x0020,0x0008,0x0008,
0x0008,0x0008,0x0048,0x02D0,0x22F0,0x22F0,0x22F0,0x22F0,0x22F0,0x22F0,0x22F0,0x22F0,
0x22F0,0x22F0,0x22F0,0x22F0,0x22F0,0x87B9,0xAA5A,0x0008,0x4110,0xBADE,0x9AD6,0x0000,
0x0000,0x0000,0x0000,0x0000,0x0000,0x0000,0x0000,0x0000,0x0000,0x0000,0x0000,0x0000,
0x0000,0x0000,0x0000,0x0000,0x0000,0x0000,0x0000,0x0000,0x0000,0x0000,0x0000,0x0000,
0x0000,0x0000,0x0000,0x0000,0x0000,0x0000,0x0000,0x0000,0x0000,0x0000,0x0000,0x0000,
0x0000,0x0000,0x0000,0x0000,0x0000,0x0000,0x0000,0x0000,0x0000,0x0000,0x0000,0x0000,
0x0000,0x0000,0x0000,0x0000,0x0000,0x0000,0x0000,0x0000,0x0000,0x0000,0x0000,0x0000,
0x0000,0x0000,0x0000,0x0000,0x0000,0x0000,0x0000,0x0000,0x9294,0xBEF7,0x084A,0x0008,
0x0008,0x2028,0x22E0,0x22F0,0x22F0,0x22F0,0x22F0,0x22F0,0x22F0,0x22F0,0x22F0,0x22F0,
0x46F1,0x3CFF,0x7DFF,0xACF2,0x22F0,0x22E0,0x2020,0x0008,0x0008,0x4110,0x79DE,0x5DF7,
0x5DF7,0x5DF7,0x35B5,0x2008,0x0010,0x01A8,0x02E8,0x02E8,0x02E8,0x02E8,0x02E0,0x0028,
0x0008,0x0008,0x0008,0x0008,0x0008,0x0040,0x22E0,0x22E8,0x22E8,0x22E8,0x22E8,0x22E8,
0x22E8,0x22E8,0x22E8,0x22E8,0x22E8,0x22E8,0x22E8,0x22E8,0x22E8,0x22E8,0x22E8,0x22E8,
0x22E8,0x22E8,0x22E8,0x22E8,0x22E8,0x22E8,0x22E8,0x2180,0x0010,0x0028,0x01B0,0x02E8,
0x02E8,0x02E8,0x02E8,0x02E8,0x02E8,0x01A0,0x0008,0x0008,0x0008,0x0008,0x0008,0x0010,
0x2178,0x22D8,0x22F0,0x22F0,0x22F0,0x22F0,0x22F0,0x22F0,0x22F0,0x22F0,0x22F0,0x22F0,
0x22F0,0x22F0,0x8268,0x0008,0x0008,0x9294,0x9EF7,0x0000,0x0000,0x0000,0x0000,0x0000,
0x0000,0x0000,0x0000,0x0000,0x0000,0x0000,0x0000,0x0000,0x0000,0x0000,0x0000,0x0000,
0x0000,0x0000,0x0000,0x0000,0x0000,0x0000,0x0000,0x0000,0x0000,0x0000,0x0000,0x0000,
0x0000,0x0000,0x0000,0x0000,0x0000,0x0000,0x0000,0x0000,0x0000,0x0000,0x0000,0x0000,
0x0000,0x0000,0x0000,0x0000,0x0000,0x0000,0x0000,0x0000,0x0000,0x0000,0x0000,0x0000,
0x0000,0x0000,0x0000,0x0000,0x0000,0x0000,0x0000,0x0000,0x0000,0x0000,0x0000,0x0000,
0x0000,0x0000,0x0000,0x0000,0xE318,0x7DF7,0x38CE,0x2008,0x0008,0x0008,0x2168,0x22F0,
0x22F0,0x22F0,0x22F0,0x22F0,0x22F0,0x22F0,0x22F0,0x22F0,0x22F0,0x4AF2,0x5DFF,0xDBFE,
0xC4F0,0x22F0,0x21A8,0x0008,0x0008,0x0008,0x8A5A,0x5DF7,0x5DF7,0xBAE6,0xA218,0x0008,
0x0180,0x02E8,0x02E8,0x02E8,0x02E8,0x02E0,0x0168,0x0008,0x0008,0x0008,0x0008,0x0008,
0x0008,0x0008,0x0038,0x22D0,0x22E8,0x22E8,0x22E8,0x22E8,0x22E8,0x22E8,0x22E8,0x22E8,
0x22E8,0x22E8,0x22E8,0x22E8,0x22E8,0x22E8,0x22E8,0x22E8,0x22E8,0x22E8,0x22E8,0x22E8,
0x22E0,0x2188,0x2020,0x0010,0x0170,0x02E0,0x02E8,0x02E8,0x02E8,0x02E8,0x02E8,0x02E8,
0x02E8,0x02E8,0x0018,0x0008,0x0008,0x0008,0x0008,0x0008,0x0008,0x0010,0x0158,0x21A8,
0x22E0,0x22F0,0x22F0,0x22F0,0x22F0,0x22F0,0x22F0,0x22F0,0x22E0,0x21B0,0x0028,0x0008,
0x0008,0xD39C,0x7DEF,0x0000,0x0000,0x0000,0x0000,0x0000,0x0000,0x0000,0x0000,0x0000,
0x0000,0x0000,0x0000,0x0000,0x0000,0x0000,0x0000,0x0000,0x0000,0x0000,0x0000,0x0000,
0x0000,0x0000,0x0000,0x0000,0x0000,0x0000,0x0000,0x0000,0x0000,0x0000,0x0000,0x0000,
0x0000,0x0000,0x0000,0x0000,0x0000,0x0000,0x0000,0x0000,0x0000,0x0000,0x0000,0x0000,
0x0000,0x0000,0x0000,0x0000,0x0000,0x0000,0x0000,0x0000,0x0000,0x0000,0x0000,0x0000,
0x0000,0x0000,0x0000,0x0000,0x0000,0x0000,0x0000,0x0000,0x0000,0x0000,0x0000,0x0000,
0x0000,0x3084,0xBEF7,0x2C6B,0x0008,0x0008,0x0008,0x2180,0x22F0,0x22F0,0x22F0,0x22F0,
0x22F0,0x22F0,0x22F0,0x22F0,0x22F0,0x22F0,0x2DF3,0x7DFF,0x35F5,0x22F0,0x22F0,0x2160,
0x0008,0x0008,0x0008,0x929C,0x5DF7,0x6D73,0x0008,0x0030,0x02E0,0x02E8,0x02E8,0x02E8,
0x02D0,0x0040,0x0008,0x0008,0x0010,0x0008,0x0008,0x0008,0x0008,0x0008,0x0008,0x0018,
0x2198,0x22E8,0x22E8,0x22E8,0x22E8,0x22E8,0x22E8,0x22E8,0x22E8,0x22E8,0x22E8,0x22E8,
0x22E8,0x22E8,0x22E8,0x22E8,0x22E8,0x22E8,0x22C8,0x2170,0x0020,0x0008,0x0150,0x01C8,
0x02E8,0x02E8,0x02E8,0x02E8,0x02E8,0x02E8,0x02E8,0x02E8,0x02E8,0x02E8,0x0038,0x0008,
0x0008,0x0008,0x0008,0x0008,0x0008,0x0008,0x0008,0x0008,0x0008,0x2028,0x0150,0x2160,
0x2160,0x0160,0x0148,0x0030,0x0008,0x0008,0x0008,0x0008,0x4531,0x5DEF,0xF7C5,0x0000,
0x0000,0x0000,0x0000,0x0000,0x0000,0x0000,0x0000,0x0000,0x0000,0x0000,0x0000,0x0000,
0x0000,0x0000,0x0000,0x0000,0x0000,0x0000,0x0000,0x0000,0x0000,0x0000,0x0000,0x0000,
0x0000,0x0000,0x0000,0x0000,0x0000,0x0000,0x0000,0x0000,0x0000,0x0000,0x0000,0x0000,
0x0000,0x0000,0x0000,0x0000,0x0000,0x0000,0x0000,0x0000,0x0000,0x0000,0x0000,0x0000,
0x0000,0x0000,0x0000,0x0000,0x0000,0x0000,0x0000,0x0000,0x0000,0x0000,0x0000,0x0000,
0x0000,0x0000,0x0000,0x0000,0x0000,0x0000,0x0000,0x0000,0x0000,0x4108,0xDBDE,0x5DEF,
0x6531,0x0008,0x0008,0x0008,0x2188,0x22F0,0x22F0,0x22F0,0x22F0,0x22F0,0x22F0,0x22F0,
0x22F0,0x22F0,0x22F0,0xF0F3,0x7DFF,0x0DF3,0x22F0,0x22E8,0x0038,0x0008,0x0008,0x4110,
0xB29C,0x6110,0x0008,0x0190,0x02E8,0x02E8,0x02E8,0x01B8,0x0020,0x0008,0x0008,0x0030,
0x01D0,0x02E8,0x01A8,0x0030,0x0008,0x0008,0x0008,0x0008,0x0008,0x0030,0x2198,0x22E0,
0x22E8,0x22E8,0x22E8,0x22E8,0x22E8,0x22E8,0x22E8,0x22E8,0x22E8,0x22E8,0x22E0,0x21A8,
0x2170,0x0030,0x0008,0x0010,0x0158,0x01C8,0x02E8,0x02E8,0x02E8,0x02E8,0x02E8,0x02E8,
0x02E8,0x02E8,0x02E8,0x02E8,0x02E8,0x02E8,0x0028,0x0008,0x0008,0x0008,0x0008,0x0008,
0x0038,0x2180,0x2150,0x2020,0x0008,0x0008,0x0008,0x0008,0x0008,0x0008,0x0008,0x0008,
0x0008,0x0008,0x8218,0x2C6B,0x1CE7,0x7DF7,0x494A,0x0000,0x0000,0x0000,0x0000,0x0000,
0x0000,0x0000,0x0000,0x0000,0x0000,0x0000,0x0000,0x0000,0x0000,0x0000,0x0000,0x0000,
0x0000,0x0000,0x0000,0x0000,0x0000,0x0000,0x0000,0x0000,0x0000,0x0000,0x0000,0x0000,
0x0000,0x0000,0x0000,0x0000,0x0000,0x0000,0x0000,0x0000,0x0000,0x0000,0x0000,0x0000,
0x0000,0x0000,0x0000,0x0000,0x0000,0x0000,0x0000,0x0000,0x0000,0x0000,0x0000,0x0000,
0x0000,0x0000,0x0000,0x0000,0x0000,0x0000,0x0000,0x0000,0x0000,0x0000,0x0000,0x0000,
0x0000,0x0000,0x0000,0x0000,0x0000,0x0000,0x0842,0x9EF7,0x79D6,0x6110,0x0008,0x0008,
0x0008,0x2180,0x22E8,0x22F0,0x22F0,0x22F0,0x22F0,0x22F0,0x22F0,0x22F0,0x22F0,0x22F0,
0xEDF2,0x3CFF,0xE9F1,0x22F0,0x22D0,0x2020,0x0008,0x0008,0x0008,0x0008,0x0010,0x02D8,
0x02E8,0x02E8,0x01A8,0x0018,0x0008,0x0008,0x0018,0x01D0,0x02E8,0x02E8,0x02E8,0x02E0,
0x0038,0x0008,0x0008,0x0008,0x0008,0x0008,0x0008,0x0010,0x0048,0x2180,0x2180,0x2190,
0x2190,0x2188,0x2178,0x2168,0x0048,0x2028,0x0008,0x0008,0x0008,0x0040,0x0188,0x02D8,
0x02E8,0x02E8,0x02E8,0x02E8,0x02E8,0x02E8,0x02E8,0x02E8,0x02E8,0x02E8,0x02E8,0x02E8,
0x02E8,0x02D8,0x0008,0x0008,0x0008,0x0008,0x0008,0x0008,0x0008,0x2048,0x22C8,0x22E0,
0x22C8,0x21A0,0x2180,0x4158,0x2852,0x6539,0x0008,0x0008,0x0008,0x308C,0x5DEF,0xBEF7,
0x5DEF,0x694A,0x0000,0x0000,0x0000,0x0000,0x0000,0x0000,0x0000,0x0000,0x0000,0x0000,
0x0000,0x0000,0x0000,0x0000,0x0000,0x0000,0x0000,0x0000,0x0000,0x0000,0x0000,0x0000,
0x0000,0x0000,0x0000,0x0000,0x0000,0x0000,0x0000,0x0000,0x0000,0x0000,0x0000,0x0000,
0x0000,0x0000,0x0000,0x0000,0x0000,0x0000,0x0000,0x0000,0x0000,0x0000,0x0000,0x0000,
0x0000,0x0000,0x0000,0x0000,0x0000,0x0000,0x0000,0x0000,0x0000,0x0000,0x0000,0x0000,
0x0000,0x0000,0x0000,0x0000,0x0000,0x0000,0x0000,0x0000,0x0000,0x0000,0x0000,0x0000,
0x0000,0x0000,0x0000,0x1084,0xBEF7,0x96B5,0x6110,0x0008,0x0008,0x0008,0x2158,0x22E8,
0x22F0,0x22F0,0x22F0,0x22F0,0x22F0,0x22F0,0x22F0,0x22F0,0x22F0,0x09F2,0x59FE,0x26F1,
0x22F0,0x22D0,0x2020,0x0008,0x0008,0x0008,0x0030,0x02E8,0x02E8,0x0198,0x0010,0x0008,
0x0008,0x0008,0x0178,0x02E8,0x02E8,0x02E8,0x02E8,0x02E0,0x0160,0x0008,0x0008,0x0008,
0x0008,0x0008,0x0008,0x0008,0x0008,0x0008,0x0008,0x0008,0x0008,0x0008,0x0008,0x0008,
0x0008,0x0028,0x0160,0x0198,0x01D0,0x02E8,0x02E8,0x02E8,0x02E8,0x02E8,0x02E8,0x02E8,
0x02E8,0x02E8,0x02E8,0x02E8,0x02E8,0x02E8,0x02E8,0x02E8,0x02E8,0x0190,0x0008,0x0008,
0x0008,0x0008,0x0008,0x0008,0x0008,0x0008,0x0010,0x2178,0x22E0,0x22E0,0x22E0,0x22E0,
0xE8C1,0x38DE,0xF3B4,0x6110,0x0008,0xC741,0x9EF7,0x7DF7,0x4529,0x0000,0x0000,0x0000,
0x0000,0x0000,0x0000,0x0000,0x0000,0x0000,0x0000,0x0000,0x0000,0x0000,0x0000,0x0000,
0x0000,0x0000,0x0000,0x0000,0x0000,0x0000,0x0000,0x0000,0x0000,0x0000,0x0000,0x0000,
0x0000,0x0000,0x0000,0x0000,0x0000,0x0000,0x0000,0x0000,0x0000,0x0000,0x0000,0x0000,
0x0000,0x0000,0x0000,0x0000,0x0000,0x0000,0x0000,0x0000,0x0000,0x0000,0x0000,0x0000,
0x0000,0x0000,0x0000,0x0000,0x0000,0x0000,0x0000,0x0000,0x0000,0x0000,0x0000,0x0000,
0x0000,0x0000,0x0000,0x0000,0x0000,0x0000,0x0000,0x0000,0x0000,0x0000,0x0000,0x0000,
0x55AD,0xBEF7,0x96B5,0x4110,0x0008,0x0008,0x0008,0x0038,0x22C0,0x22F0,0x22F0,0x22F0,
0x22F0,0x22F0,0x22F0,0x22F0,0x22F0,0x22F0,0xC5F0,0xF0F3,0x26F1,0x22F0,0x22C8,0x2028,
0x0008,0x0008,0x0030,0x02D8,0x0170,0x0008,0x0008,0x6118,0x0008,0x0008,0x01C0,0x02E8,
0x02E8,0x02E8,0x02E0,0x0048,0x0008,0x0008,0x0008,0x0008,0x0008,0x0008,0x0008,0x0008,
0x0008,0x0008,0x0008,0x0028,0x0170,0x0188,0x0198,0x01C0,0x02E0,0x02E8,0x02E8,0x02E8,
0x02E8,0x02E8,0x02E8,0x02E8,0x02E8,0x02E8,0x02E8,0x02E8,0x02E8,0x02E8,0x02E8,0x02E8,
0x02E8,0x02E8,0x02E8,0x02E8,0x0190,0x0010,0x0008,0x0008,0x0008,0x0008,0x0008,0x0008,
0x0008,0x0008,0x0008,0x0008,0x0030,0x22B0,0x22E0,0x22E0,0x22E0,0xE5D0,0x96CD,0x6D7B,
0x0008,0x0008,0xD39C,0xBEF7,0x494A,0x0000,0x0000,0x0000,0x0000,0x0000,0x0000,0x0000,
0x0000,0x0000,0x0000,0x0000,0x0000,0x0000,0x0000,0x0000,0x0000,0x0000,0x0000,0x0000,
0x0000,0x0000,0x0000,0x0000,0x0000,0x0000,0x0000,0x0000,0x0000,0x0000,0x0000,0x0000,
0x0000,0x0000,0x0000,0x0000,0x0000,0x0000,0x0000,0x0000,0x0000,0x0000,0x0000,0x0000,
0x0000,0x0000,0x0000,0x0000,0x0000,0x0000,0x0000,0x0000,0x0000,0x0000,0x0000,0x0000,
0x0000,0x0000,0x0000,0x0000,0x0000,0x0000,0x0000,0x0000,0x0000,0x0000,0x0000,0x0000,
0x0000,0x0000,0x0000,0x0000,0x0000,0x0000,0x0000,0x0000,0x4108,0xF7BD,0xBEF7,0xB6BD,
0xA218,0x0008,0x0008,0x0008,0x0010,0x2178,0x22E8,0x22F0,0x22F0,0x22F0,0x22F0,0x22F0,
0x22F0,0x22F0,0x22F0,0x22F0,0x87F1,0x84F0,0x22F0,0x22D8,0x0038,0x0008,0x0008,0x0008,
0x0008,0x0008,0x8A52,0xCF93,0x0008,0x0008,0x01D0,0x02E8,0x02E8,0x01D0,0x0030,0x0008,
0x0008,0x0008,0x2008,0x284A,0x6952,0x2008,0x0008,0x0008,0x0008,0x0008,0x0008,0x0008,
0x0038,0x01A0,0x02E8,0x02E8,0x02E8,0x02E8,0x02E8,0x02E8,0x02E8,0x02E8,0x02E8,0x02E8,
0x02E8,0x02E8,0x02E8,0x02E8,0x02E8,0x02E8,0x02E8,0x02E8,0x02E8,0x02E8,0x02D8,0x0160,
0x0008,0x0008,0x0008,0x0008,0x0008,0x0008,0x0040,0x0038,0x0008,0x0008,0x0008,0x0008,
0x0008,0x0008,0x2160,0x22D8,0x22E0,0x22E0,0xE5D0,0xB7D5,0x2010,0x0008,0x6531,0xBEF7,
0x34AD,0x0000,0x0000,0x0000,0x0000,0x0000,0x0000,0x0000,0x0000,0x0000,0x0000,0x0000,
0x0000,0x0000,0x0000,0x0000,0x0000,0x0000,0x0000,0x0000,0x0000,0x0000,0x0000,0x0000,
0x0000,0x0000,0x0000,0x0000,0x0000,0x0000,0x0000,0x0000,0x0000,0x0000,0x0000,0x0000,
0x0000,0x0000,0x0000,0x0000,0x0000,0x0000,0x0000,0x0000,0x0000,0x0000,0x0000,0x0000,
0x0000,0x0000,0x0000,0x0000,0x0000,0x0000,0x0000,0x0000,0x0000,0x0000,0x0000,0x0000,
0x0000,0x0000,0x0000,0x0000,0x0000,0x0000,0x0000,0x0000,0x0000,0x0000,0x0000,0x0000,
0x0000,0x0000,0x0000,0x0000,0x0000,0x6108,0xF7BD,0xBEF7,0xBAD6,0x8631,0x0008,0x0008,
0x0008,0x0008,0x0018,0x2178,0x22E0,0x22F0,0x22F0,0x22F0,0x22F0,0x22F0,0x22F0,0x22F0,
0x22F0,0xE5F0,0xA4F0,0x22F0,0x22E8,0x2178,0x0008,0x0008,0x0008,0x8A52,0xBEF7,0x14BD,
0x0008,0x0008,0x01B8,0x02E8,0x01B8,0x0020,0x0008,0x0008,0x6110,0xCF83,0xDBDE,0xBEF7,
0xBEF7,0x9AD6,0x4D6B,0x6110,0x0008,0x0008,0x0008,0x0008,0x0008,0x0008,0x0018,0x0170,
0x01B8,0x02E8,0x02E8,0x02E8,0x02E8,0x02E8,0x02E8,0x02E8,0x02E8,0x02E8,0x02E8,0x02E8,
0x02E8,0x02E8,0x02E8,0x02E8,0x01D0,0x0180,0x0018,0x0008,0x0008,0x0008,0x0008,0x0008,
0x0008,0x0028,0x0038,0x0008,0x0008,0x0008,0x4110,0x0008,0x0008,0x0008,0x0008,0x2020,
0x2198,0x22E0,0x22E0,0xE8B9,0x8641,0x0008,0x0008,0xDBDE,0xDBDE,0x0000,0x0000,0x0000,
0x0000,0x0000,0x0000,0x0000,0x0000,0x0000,0x0000,0x0000,0x0000,0x0000,0x0000,0x0000,
0x0000,0x0000,0x0000,0x0000,0x0000,0x0000,0x0000,0x0000,0x0000,0x0000,0x0000,0x0000,
0x0000,0x0000,0x0000,0x0000,0x0000,0x0000,0x0000,0x0000,0x0000,0x0000,0x0000,0x0000,
0x0000,0x0000,0x0000,0x0000,0x0000,0x0000,0x0000,0x0000,0x0000,0x0000,0x0000,0x0000,
0x0000,0x0000,0x0000,0x0000,0x0000,0x0000,0x0000,0x0000,0x0000,0x0000,0x0000,0x0000,
0x0000,0x0000,0x0000,0x0000,0x0000,0x0000,0x0000,0x0000,0x0000,0x0000,0x0000,0x0000,
0x0000,0x0000,0x2000,0xAE73,0x7DEF,0x5DEF,0x6D73,0x6110,0x0008,0x0008,0x0008,0x0008,
0x0010,0x2160,0x21A0,0x22E0,0x22F0,0x22F0,0x22F0,0x22F0,0x22F0,0x22F0,0x22F0,0x22F0,
0x22F0,0x22F0,0x2170,0x0008,0x0008,0xC318,0x7DF7,0x59D6,0x0008,0x0008,0x0180,0x01A0,
0x0010,0x0008,0x2008,0x2C6B,0x1CE7,0xBEF7,0x38CE,0x4D6B,0x3084,0x3CEF,0xBEF7,0x3CEF,
0x308C,0xE320,0x0008,0x0008,0x0008,0x0008,0x0008,0x0008,0x0008,0x0018,0x0050,0x0180,
0x01A0,0x01C0,0x02D8,0x02E8,0x02E8,0x02E8,0x02E0,0x01D0,0x01B8,0x0198,0x0178,0x0040,
0x0008,0x0008,0x0008,0x0008,0x0008,0x0008,0x0008,0x0008,0x0008,0x0008,0x0008,0x2008,
0x4952,0xF7C5,0x1CE7,0x7194,0x8631,0x0008,0x0008,0x0008,0x0008,0x2150,0x22C8,0x22E0,
0x4150,0x0008,0x0008,0x75B5,0x9EF7,0x0000,0x0000,0x0000,0x0000,0x0000,0x0000,0x0000,
0x0000,0x0000,0x0000,0x0000,0x0000,0x0000,0x0000,0x0000,0x0000,0x0000,0x0000,0x0000,
0x0000,0x0000,0x0000,0x0000,0x0000,0x0000,0x0000,0x0000,0x0000,0x0000,0x0000,0x0000,
0x0000,0x0000,0x0000,0x0000,0x0000,0x0000,0x0000,0x0000,0x0000,0x0000,0x0000,0x0000,
0x0000,0x0000,0x0000,0x0000,0x0000,0x0000,0x0000,0x0000,0x0000,0x0000,0x0000,0x0000,
0x0000,0x0000,0x0000,0x0000,0x0000,0x0000,0x0000,0x0000,0x0000,0x0000,0x0000,0x0000,
0x0000,0x0000,0x0000,0x0000,0x0000,0x0000,0x0000,0x0000,0x0000,0x0000,0x0000,0x0000,
0x0421,0x55AD,0xBEF7,0xFBE6,0x8E73,0x8218,0x0008,0x0008,0x0008,0x0008,0x0008,0x0010,
0x0038,0x2160,0x2188,0x21A0,0x22B0,0x22B0,0x22B8,0x21A8,0x2198,0x2180,0x2028,0x0008,
0x0008,0x0008,0x9AD6,0x7DEF,0x6110,0x0008,0x0018,0x0008,0x0008,0xC318,0x75B5,0xBEF7,
0xDBDE,0x494A,0x0000,0x0000,0x0000,0x6108,0x8E73,0xFBDE,0xBEF7,0x7DF7,0x34AD,0x6952,
0x4110,0x0008,0x0008,0x0008,0x0008,0x0008,0x0008,0x0008,0x0008,0x0008,0x0008,0x0008,
0x0008,0x0008,0x0008,0x0008,0x0008,0x0008,0x0008,0x0008,0x0008,0x0008,0x0008,0x0008,
0x0008,0x0008,0x0008,0x0008,0x0008,0x6110,0xCB62,0x59CE,0xBEF7,0x7DF7,0x18C6,0x9EF7,
0xBEF7,0x38CE,0x2C6B,0x8218,0x0008,0x0008,0x0010,0x2170,0x0018,0x0008,0x0008,0x14A5,
0x5DEF,0x0000,0x0000,0x0000,0x0000,0x0000,0x0000,0x0000,0x0000,0x0000,0x0000,0x0000,
0x0000,0x0000,0x0000,0x0000,0x0000,0x0000,0x0000,0x0000,0x0000,0x0000,0x0000,0x0000,
0x0000,0x0000,0x0000,0x0000,0x0000,0x0000,0x0000,0x0000,0x0000,0x0000,0x0000,0x0000,
0x0000,0x0000,0x0000,0x0000,0x0000,0x0000,0x0000,0x0000,0x0000,0x0000,0x0000,0x0000,
0x0000,0x0000,0x0000,0x0000,0x0000,0x0000,0x0000,0x0000,0x0000,0x0000,0x0000,0x0000,
0x0000,0x0000,0x0000,0x0000,0x0000,0x0000,0x0000,0x0000,0x0000,0x0000,0x0000,0x0000,
0x0000,0x0000,0x0000,0x0000,0x0000,0x0000,0x0000,0x0000,0x0000,0x0000,0xE739,0xD7BD,
0xBEF7,0x5DEF,0xF3A4,0x084A,0x2008,0x0008,0x0008,0x0008,0x0008,0x0008,0x0008,0x0008,
0x0008,0x0008,0x0008,0x0008,0x0008,0x0008,0x0008,0x0008,0x0008,0x4531,0x9EF7,0xBEF7,
0x4952,0x0008,0x0008,0x0008,0x2429,0x9AD6,0xBEF7,0x96B5,0x8210,0x0000,0x0000,0x0000,
0x0000,0x0000,0x0000,0x2000,0xEB5A,0xD7BD,0x9EF7,0xBEF7,0x3CE7,0xB29C,0xE741,0x2008,
0x0008,0x0008,0x0008,0x0008,0x0008,0x0008,0x0008,0x0008,0x0008,0x0008,0x0008,0x0008,
0x0008,0x0008,0x0008,0x0008,0x0008,0x0008,0x0008,0x0008,0x0008,0x0008,0x2008,0xC741,
0xB29C,0x3CEF,0xBEF7,0x7DEF,0x718C,0xE318,0x0000,0x0421,0x1084,0xFBDE,0xBEF7,0x5DEF,
0x9294,0x4531,0x0008,0x0008,0x0008,0x0008,0x6110,0x38CE,0xF7C5,0x0000,0x0000,0x0000,
0x0000,0x0000,0x0000,0x0000,0x0000,0x0000,0x0000,0x0000,0x0000,0x0000,0x0000,0x0000,
0x0000,0x0000,0x0000,0x0000,0x0000,0x0000,0x0000,0x0000,0x0000,0x0000,0x0000,0x0000,
0x0000,0x0000,0x0000,0x0000,0x0000,0x0000,0x0000,0x0000,0x0000,0x0000,0x0000,0x0000,
0x0000,0x0000,0x0000,0x0000,0x0000,0x0000,0x0000,0x0000,0x0000,0x0000,0x0000,0x0000,
0x0000,0x0000,0x0000,0x0000,0x0000,0x0000,0x0000,0x0000,0x0000,0x0000,0x0000,0x0000,
0x0000,0x0000,0x0000,0x0000,0x0000,0x0000,0x0000,0x0000,0x0000,0x0000,0x0000,0x0000,
0x0000,0x0000,0x0000,0x0000,0x0000,0x0000,0x0000,0x0000,0xC739,0x14A5,0x7DF7,0xBEF7,
0x3CEF,0x14A5,0x2C6B,0x8631,0x2008,0x0008,0x0008,0x0008,0x0008,0x0008,0x0008,0x0008,
0x0008,0x0008,0x0008,0x4110,0x4D6B,0xFBE6,0x9EF7,0x7DEF,0x79D6,0x8639,0xE320,0x8A5A,
0xDBDE,0x9EF7,0xCF7B,0x0000,0x0000,0x0000,0x0000,0x0000,0x0000,0x0000,0x0000,0x0000,
0x0000,0x0000,0x0421,0xCF7B,0xBADE,0xBEF7,0xBEF7,0xDBDE,0x308C,0x284A,0xC318,0x0008,
0x0008,0x0008,0x0008,0x0008,0x0008,0x0008,0x0008,0x0008,0x0008,0x0008,0x0008,0x0008,
0x0008,0x0008,0x0008,0xE320,0xEB62,0xF3A4,0xFBE6,0xBEF7,0xBEF7,0xBADE,0xCF7B,0xC318,
0x0000,0x0000,0x0000,0x0000,0x0000,0x2000,0x694A,0xF7BD,0xBEF7,0x9EF7,0xB6B5,0xEB62,
0xC741,0xCB5A,0x59CE,0xBEF7,0xAE73,0x0000,0x0000,0x0000,0x0000,0x0000,0x0000,0x0000,
0x0000,0x0000,0x0000,0x0000,0x0000,0x0000,0x0000,0x0000,0x0000,0x0000,0x0000,0x0000,
0x0000,0x0000,0x0000,0x0000,0x0000,0x0000,0x0000,0x0000,0x0000,0x0000,0x0000,0x0000,
0x0000,0x0000,0x0000,0x0000,0x0000,0x0000,0x0000,0x0000,0x0000,0x0000,0x0000,0x0000,
0x0000,0x0000,0x0000,0x0000,0x0000,0x0000,0x0000,0x0000,0x0000,0x0000,0x0000,0x0000,
0x0000,0x0000,0x0000,0x0000,0x0000,0x0000,0x0000,0x0000,0x0000,0x0000,0x0000,0x0000,
0x0000,0x0000,0x0000,0x0000,0x0000,0x0000,0x0000,0x0000,0x0000,0x0000,0x0000,0x0000,
0x0000,0x0000,0x0000,0x0000,0x0000,0x0000,0xA210,0x2C63,0xB6B5,0x9EF7,0xBEF7,0xBEF7,
0x7DEF,0x79D6,0x96B5,0xD39C,0x929C,0x108C,0x308C,0x929C,0x14A5,0xB6BD,0xBADE,0x9EF7,
0xBEF7,0x1CE7,0x8A52,0x494A,0x7DEF,0xBEF7,0xBEF7,0xBEF7,0x9AD6,0xA631,0x0000,0x0000,
0x0000,0x0000,0x0000,0x0000,0x0000,0x0000,0x0000,0x0000,0x0000,0x0000,0x0000,0x0000,
0x0000,0x6529,0xAE73,0xF7BD,0x9EF7,0xBEF7,0xBEF7,0xDBDE,0x55AD,0x5194,0x8E73,0xCB5A,
0x084A,0xA639,0x8639,0x8639,0xA639,0x494A,0xCB62,0x6D73,0x7194,0xB6BD,0x1CE7,0xBEF7,
0xBEF7,0xBEF7,0x1CE7,0xF39C,0x2842,0x0000,0x0000,0x0000,0x0000,0x0000,0x0000,0x0000,
0x0000,0x0000,0x0000,0x0000,0xA639,0x34AD,0x9EF7,0xBEF7,0xBEF7,0xBEF7,0x7DF7,0xCF7B,
0x0000,0x0000,0x0000,0x0000,0x0000,0x0000,0x0000,0x0000,0x0000,0x0000,0x0000,0x0000,
0x0000,0x0000,0x0000,0x0000,0x0000,0x0000,0x0000,0x0000,0x0000,0x0000,0x0000,0x0000,
0x0000,0x0000,0x0000,0x0000,0x0000,0x0000,0x0000,0x0000,0x0000,0x0000,0x0000,0x0000,
0x0000,0x0000,0x0000,0x0000,0x0000,0x0000,0x0000,0x0000,0x0000,0x0000,0x0000,0x0000,
0x0000,0x0000,0x0000,0x0000,0x0000,0x0000,0x0000,0x0000,0x0000,0x0000,0x0000,0x0000,
0x0000,0x0000,0x0000,0x0000,0x0000,0x0000,0x0000,0x0000,0x0000,0x0000,0x0000,0x0000,
0x0000,0x0000,0x0000,0x0000,0x0000,0x0000,0x0000,0x0000,0x0000,0x0000,0x0000,0x0000,
0x0000,0x0000,0x0000,0x0000,0x0000,0x6108,0x494A,0x3084,0x96B5,0x1CE7,0xBEF7,0xBEF7,
0xBEF7,0xBEF7,0xBEF7,0xBEF7,0xBEF7,0xBEF7,0x1CE7,0x14A5,0x8A52,0x4108,0x0000,0x0000,
0xE318,0xAE73,0x518C,0x2C63,0x4108,0x0000,0x0000,0x0000,0x0000,0x0000,0x0000,0x0000,
0x0000,0x0000,0x0000,0x0000,0x0000,0x0000,0x0000,0x0000,0x0000,0x0000,0x0000,0x0000,
0x8210,0x8A52,0x3084,0xD7BD,0x5DEF,0xBEF7,0xBEF7,0xBEF7,0xBEF7,0xBEF7,0xBEF7,0xBEF7,
0xBEF7,0xBEF7,0xBEF7,0xBEF7,0xBEF7,0xBEF7,0x1CE7,0x96B5,0xCF7B,0xA631,0x0000,0x0000,
0x0000,0x0000,0x0000,0x0000,0x0000,0x0000,0x0000,0x0000,0x0000,0x0000,0x0000,0x0000,
0x0000,0x0000,0xA210,0xAA52,0x8E73,0xCB5A,0x8210,0x0000,0x0000,0x0000,0x0000,0x0000,
0x0000,0x0000,0x0000,0x0000,0x0000,0x0000,0x0000,0x0000,0x0000,0x0000,0x0000,0x0000,
0x0000,0x0000,0x0000,0x0000,0x0000,0x0000,0x0000,0x0000,0x0000,0x0000,0x0000,0x0000,
0x0000,0x0000,0x0000,0x0000,0x0000,0x0000,0x0000,0x0000,0x0000,0x0000,0x0000,0x0000,
0x0000,0x0000,0x0000,0x0000,0x0000,0x0000,0x0000,0x0000,0x0000,0x0000,0x0000,0x0000,
0x0000,0x0000,0x0000,0x0000,0x0000,0x0000,0x0000,0x0000,0x0000,0x0000,0x0000,0x0000,
0x0000,0x0000,0x0000,0x0000,0x0000,0x0000,0x0000,0x0000,0x0000,0x0000,0x0000,0x0000,
0x0000,0x0000,0x0000,0x0000,0x0000,0x0000,0x0000,0x0000,0x0000,0x0000,0x0000,0x0000,
0x0000,0x0000,0x0000,0x0000,0x0000,0x0000,0x6108,0x6529,0x0842,0x0842,0x0842,0x0842,
0x0842,0x6529,0x0000,0x0000,0x0000,0x0000,0x0000,0x0000,0x0000,0x0000,0x0000,0x0000,
0x0000,0x0000,0x0000,0x0000,0x0000,0x0000,0x0000,0x0000,0x0000,0x0000,0x0000,0x0000,
0x0000,0x0000,0x0000,0x0000,0x0000,0x0000,0x0000,0x0000,0x0000,0x0000,0x0000,0x0000,
0x0000,0x4529,0x0842,0x0842,0x0842,0x0842,0x0842,0x0842,0x0842,0x0842,0x0842,0x0842,
0xE741,0xE318,0x0000,0x0000,0x0000,0x0000,0x0000,0x0000,0x0000,0x0000,0x0000,0x0000,
0x0000,0x0000,0x0000,0x0000,0x0000,0x0000,0x0000,0x0000,0x0000,0x0000,0x0000,0x0000,
0x0000,0x0000,0x0000,0x0000,0x0000,0x0000,0x0000,0x0000,0x0000,0x0000,0x0000,0x0000,
0x0000,0x0000,0x0000,0x0000,0x0000,0x0000,0x0000,0x0000,0x0000,0x0000,0x0000,0x0000,
0x0000,0x0000,0x0000,0x0000,0x0000,0x0000,0x0000,0x0000,0x0000,0x0000,0x0000,0x0000,
0x0000,0x0000,0x0000,0x0000,0x0000,0x0000,0x0000,0x0000,0x0000,0x0000,0x0000,0x0000,
0x0000,0x0000,0x0000,0x0000,0x0000,0x0000,0x0000,0x0000,0x0000,0x0000,0x0000,0x0000,
0x0000,0x0000,0x0000,0x0000,0x0000,0x0000,0x0000,0x0000,0x0000,0x0000,0x0000,0x0000,
0x0000,0x0000,0x0000,0x0000,0x0000,0x0000,0x0000,0x0000,0x0000,0x0000,0x0000,0x0000,
0x0000,0x0000,0x0000,0x0000,0x0000,0x0000,0x0000,0x0000,0x0000,0x0000,0x0000,0x0000,
0x0000,0x0000,0x0000,0x0000,0x0000,0x0000,0x0000,0x0000,0x0000,0x0000,0x0000,0x0000,
0x0000,0x0000,0x0000,0x0000,0x0000,0x0000,0x0000,0x0000,0x0000,0x0000,0x0000,0x0000,
0x0000,0x0000,0x0000,0x0000,0x0000,0x0000,0x0000,0x0000,0x0000,0x0000,0x0000,0x0000,
0x0000,0x0000,0x0000,0x0000,0x0000,0x0000,0x0000,0x0000,0x0000,0x0000,0x0000,0x0000,
0x0000,0x0000,0x0000,0x0000,0x0000,0x0000,0x0000,0x0000,0x0000,0x0000,0x0000,0x0000,
0x0000,0x0000,0x0000,0x0000,0x0000,0x0000,0x0000,0x0000,0x0000,0x0000,0x0000,0x0000,
0x0000,0x0000,0x0000,0x0000,0x0000,0x0000,0x0000,0x0000,0x0000,0x0000,0x0000,0x0000,
0x0000,0x0000,0x0000,0x0000,0x0000,0x0000,0x0000,0x0000,0x0000,0x0000,0x0000,0x0000,
0x0000,0x0000,0x0000,0x0000,0x0000,0x0000,0x0000,0x0000,0x0000,0x0000,0x0000,0x0000,
0x0000,0x0000,0x0000,0x0000,0x0000,0x0000,0x0000,0x0000,0x0000,0x0000,0x0000,0x0000,
0x0000,0x0000,0x0000,0x0000,0x0000,0x0000,0x0000,0x0000,0x0000,0x0000,0x0000,0x0000,
0x0000,0x0000,0x0000,0x0000,0x0000,0x0000,0x0000,0x0000,0x0000,0x0000,0x0000,0x0000,
0x0000,0x0000,0x0000,0x0000,0x0000,0x0000,0x0000,0x0000,0x0000,0x0000,0x0000,0x0000,
0x0000,0x0000,0x0000,0x0000,0x0000,0x0000,0x0000,0x0000,0x0000,0x0000,0x0000,0x0000,
0x0000,0x0000,0x0000,0x0000,0x0000,0x0000,0x0000,0x0000,0x0000,0x0000,0x0000,0x0000,
0x0000,0x0000,0x0000,0x0000,0x0000,0x0000,0x0000,0x0000,0x0000,0x0000,0x0000,0x0000,
0x0000,0x0000,0x0000,0x0000,0x0000,0x0000,0x0000,0x0000,0x0000,0x0000,0x0000,0x0000,
0x0000,0x0000,0x0000,0x0000,0x0000,0x0000,0x0000,0x0000,0x0000,0x0000,0x0000,0x0000,
0x0000,0x0000,0x0000,0x0000,0x0000,0x0000,0x0000,0x0000,0x0000,0x0000,0x0000,0x0000,
0x0000,0x0000,0x0000,0x0000,0x0000,0x0000,0x0000,0x0000,0x0000,0x0000,0x0000,0x0000,
0x0000,0x0000,0x0000,0x0000,0x0000,0x0000,0x0000,0x0000,0x0000,0x0000,0x0000,0x0000,
0x0000,0x0000,0x0000,0x0000,0x0000,0x0000,0x0000,0x0000,0x0000,0x0000,0x0000,0x0000,
0x0000,0x0000,0x0000,0x0000,0x0000,0x0000,0x0000,0x0000,0x0000,0x0000,0x0000,0x0000,
0x0000,0x0000,0x0000,0x0000,0x0000,0x0000,0x0000,0x0000,0x0000,0x0000,0x0000,0x0000,
0x0000,0x0000,0x0000,0x0000,0x0000,0x0000,0x0000,0x0000,0x0000,0x0000,0x0000,0x0000,
0x0000,0x0000,0x0000,0x0000,0x0000,0x0000,0x0000,0x0000,0x0000,0x0000,0x0000,0x0000,
0x0000,0x0000,0x0000,0x0000,0x0000,0x0000,0x0000,0x0000,0x0000,0x0000,0x0000,0x0000,
0x0000,0x0000,0x0000,0x0000,0x0000,0x0000,0x0000,0x0000,0x0000,0x0000,0x0000,0x0000,
0x0000,0x0000,0x0000,0x0000,0x0000,0x0000,0x0000,0x0000,0x0000,0x0000,0x0000,0x0000,
0x0000,0x0000,0x0000,0x0000,0x0000,0x0000,0x0000,0x0000,0x0000,0x0000,0x0000,0x0000,
0x0000,0x0000,0x0000,0x0000,0x0000,0x0000,0x0000,0x0000,0x0000,0x0000,0x0000,0x0000,
0x0000,0x0000,0x0000,0x0000,0x0000,0x0000,0x0000,0x0000,0x0000,0x0000,0x0000,0x0000,
0x0000,0x0000,0x0000,0x0000,0x0000,0x0000,0x0000,0x0000,0x0000,0x0000,0x0000,0x0000,
0x0000,0x0000,0x0000,0x0000,0x0000,0x0000,0x0000,0x0000,0x0000,0x0000,0x0000,0x0000,
0x0000,0x0000,0x0000,0x0000,0x0000,0x0000,0x0000,0x0000,0x0000,0x0000,0x0000,0x0000,
0x0000,0x0000,0x0000,0x0000,0x0000,0x0000,0x0000,0x0000,0x0000,0x0000,0x0000,0x0000,
0x0000,0x0000,0x0000,0x0000,0x0000,0x0000,0x0000,0x0000,0x0000,0x0000,0x0000,0x0000,
0x0000,0x0000,0x0000,0x0000,0x0000,0x0000,0x0000,0x0000,0x0000,0x0000,0x0000,0x0000,
0x0000,0x0000,0x0000,0x0000,0x0000,0x0000,0x0000,0x0000,0x0000,0x0000,0x0000,0x0000,
0x0000,0x0000,0x0000,0x0000,0x0000,0x0000,0x0000,0x0000,0x0000,0x0000,0x0000,0x0000,
0x0000,0x0000,0x0000,0x0000,0x0000,0x0000,0x0000,0x0000,0x0000,0x0000,0x0000,0x0000,
0x0000,0x0000,0x0000,0x0000,0x0000,0x0000,0x0000,0x0000,0x0000,0x0000,0x0000,0x0000,
0x0000,0x0000,0x0000,0x0000,0x0000,0x0000,0x0000,0x0000,0x0000,0x0000,0x0000,0x0000,
0x0000,0x0000,0x0000,0x0000,0x0000,0x0000,0x0000,0x0000,0x0000,0x0000,0x0000,0x0000,
0x0000,0x0000,0x0000,0x0000,0x0000,0x0000,0x0000,0x0000,0x0000,0x0000,0x0000,0x0000,
0x0000,0x0000,0x0000,0x0000,0x0000,0x0000,0x0000,0x0000,0x0000,0x0000,0x0000,0x0000,
0x0000,0x0000,0x0000,0x0000,0x0000,0x0000,0x0000,0x0000,0x0000,0x0000,0x0000,0x0000,
0x0000,0x0000,0x0000,0x0000,0x0000,0x0000,0x0000,0x0000,0x0000,0x0000,0x0000,0x0000,
0x0000,0x0000,0x0000,0x0000,0x0000,0x0000,0x0000,0x0000,0x0000,0x0000,0x0000,0x0000,
0x0000,0x0000,0x0000,0x0000,0x0000,0x0000,0x0000,0x0000,0x0000,0x0000,0x0000,0x0000,
0x0000,0x0000,0x0000,0x0000,0x0000,0x0000,0x0000,0x0000,0x0000,0x0000,0x0000,0x0000,
0x0000,0x0000,0x0000,0x0000,0x0000,0x0000,0x0000,0x0000,0x0000,0x0000,0x0000,0x0000,
0x0000,0x0000,0x0000,0x0000,0x0000,0x0000,0x0000,0x0000,0x0000,0x0000,0x0000,0x0000,
0x0000,0x0000,0x0000,0x0000,0x0000,0x0000,0x0000,0x0000,0x0000,0x0000,0x0000,0x0000,
0x0000,0x0000,0x0000,0x0000,0x0000,0x0000,0x0000,0x0000,0x0000,0x0000,0x0000,0x0000,
0x0000,0x0000,0x0000,0x0000,0x0000,0x0000,0x0000,0x0000,0x0000,0x0000,0x0000,0x0000,
0x0000,0x0000,0x0000,0x0000,0x0000,0x0000,0x0000,0x0000,0x0000,0x0000,0x0000,0x0000,
0x0000,0x0000,0x0000,0x0000,0x0000,0x0000,0x0000,0x0000,0x0000,0x0000,0x0000,0x0000,
0x0000,0x0000,0x0000,0x0000,0x0000,0x0000,0x0000,0x0000,0x0000,0x0000,0x0000,0x0000,
0x0000,0x0000,0x0000,0x0000,0x0000,0x0000,0x0000,0x0000,0x0000,0x0000,0x0000,0x0000,
0x0000,0x0000,0x0000,0x0000,0x0000,0x0000,0x0000,0x0000,0x0000,0x0000,0x0000,0x0000,
0x0000,0x0000,0x0000,0x0000,0x0000,0x0000,0x0000,0x0000,0x0000,0x0000,0x0000,0x0000,
0x0000,0x0000,0x0000,0x0000,0x0000,0x0000,0x0000,0x0000,0x0000,0x0000,0x0000,0x0000,
0x0000,0x0000,0x0000,0x0000,0x0000,0x0000,0x0000,0x0000,0x0000,0x0000,0x0000,0x0000,
0x0000,0x0000,0x0000,0x0000,0x0000,0x0000,0x0000,0x0000,0x0000,0x0000,0x0000,0x0000,
0x0000,0x0000,0x0000,0x0000,0x0000,0x0000,0x0000,0x0000,0x0000,0x0000,0x0000,0x0000,
0x0000,0x0000,0x0000,0x0000,0x0000,0x0000,0x0000,0x0000,0x0000,0x0000,0x0000,0x0000,
0x0000,0x0000,0x0000,0x0000,0x0000,0x0000,0x0000,0x0000,0x0000,0x0000,0x0000,0x0000,
0x0000,0x0000,0x0000,0x0000,0x0000,0x0000,0x0000,0x0000,0x0000,0x0000,0x0000,0x0000,
0x0000,0x0000,0x0000,0x0000,0x0000,0x0000,0x0000,0x0000,0x0000,0x0000,0x0000,0x0000,
0x0000,0x0000,0x0000,0x0000,0x0000,0x0000,0x0000,0x0000,0x0000,0x0000,0x0000,0x0000,
0x0000,0x0000,0x0000,0x0000,0x0000,0x0000,0x0000,0x0000,0x0000,0x0000,0x0000,0x0000,
0x0000,0x0000,0x0000,0x0000,0x0000,0x0000,0x0000,0x0000,0x0000,0x0000,0x0000,0x0000,
0x0000,0x0000,0x0000,0x0000,0x0000,0x0000,0x0000,0x0000,0x0000,0x0000,0x0000,0x0000,
0x0000,0x0000,0x0000,0x0000,0x0000,0x0000,0x0000,0x0000,0x0000,0x0000,0x0000,0x0000,
0x0000,0x0000,0x0000,0x0000,0x0000,0x0000,0x0000,0x0000,0x0000,0x0000,0x0000,0x0000,
0x0000,0x0000,0x0000,0x0000,0x0000,0x0000,0x0000,0x0000,0x0000,0x0000,0x0000,0x0000,
0x0000,0x0000,0x0000,0x0000,0x0000,0x0000,0x0000,0x0000,0x0000,0x0000,0x0000,0x0000,
0x0000,0x0000,0x0000,0x0000,0x0000,0x0000,0x0000,0x0000,0x0000,0x0000,0x0000,0x0000,
0x0000,0x0000,0x0000,0x0000,0x0000,0x0000,0x0000,0x0000,0x0000,0x0000,0x0000,0x0000,
0x0000,0x0000,0x0000,0x0000,0x0000,0x0000,0x0000,0x0000,0x0000,0x0000,0x0000,0x0000,
0x0000,0x0000,0x0000,0x0000,0x0000,0x0000,0x0000,0x0000,0x0000,0x0000,0x0000,0x0000,
0x0000,0x0000,0x0000,0x0000,0x0000,0x0000,0x0000,0x0000,0x0000,0x0000,0x0000,0x0000,
0x0000,0x0000,0x0000,0x0000,0x0000,0x0000,0x0000,0x0000,0x0000,0x0000,0x0000,0x0000,
0x0000,0x0000,0x0000,0x0000,0x0000,0x0000,0x0000,0x0000,0x0000,0x0000,0x0000,0x0000,
0x0000,0x0000,0x0000,0x0000,0x0000,0x0000,0x0000,0x0000,0x0000,0x0000,0x0000,0x0000,
0x0000,0x0000,0x0000,0x0000,0x0000,0x0000,0x0000,0x0000,0x0000,0x0000,0x0000,0x0000,
0x0000,0x0000,0x0000,0x0000,0x0000,0x0000,0x0000,0x0000,0x0000,0x0000,0x0000,0x0000,
0x0000,0x0000,0x0000,0x0000,0x0000,0x0000,0x0000,0x0000,0x0000,0x0000,0x0000,0x0000,
0x0000,0x0000,0x0000,0x0000,0x0000,0x0000,0x0000,0x0000,0x0000,0x0000,0x0000,0x0000,
0x0000,0x0000,0x0000,0x0000,0x0000,0x0000,0x0000,0x0000,0x0000,0x0000,0x0000,0x0000,
0x0000,0x0000,0x0000,0x0000,0x0000,0x0000,0x0000,0x0000,0x0000,0x0000,0x0000,0x0000,
0x0000,0x0000,0x0000,0x0000,0x0000,0x0000,0x0000,0x0000,0x0000,0x0000,0x0000,0x0000,
0x0000,0x0000,0x0000,0x0000,0x0000,0x0000,0x0000,0x0000,0x0000,0x0000,0x0000,0x0000,
0x0000,0x0000,0x0000,0x0000,0x0000,0x0000,0x0000,0x0000,0x0000,0x0000,0x0000,0x0000,
0x0000,0x0000,0x0000,0x0000,0x0000,0x0000,0x0000,0x0000,0x0000,0x0000,0x0000,0x0000,
0x0000,0x0000,0x0000,0x0000,0x0000,0x0000,0x0000,0x0000,0x0000,0x0000,0x0000,0x0000,
0x0000,0x0000,0x0000,0x0000,0x0000,0x0000,0x0000,0x0000,0x0000,0x0000,0x0000,0x0000,
0x0000,0x0000,0x0000,0x0000,0x0000,0x0000,0x0000,0x0000,0x0000,0x0000,0x0000,0x0000,
0x0000,0x0000,0x0000,0x0000,0x0000,0x0000,0x0000,0x0000,0x0000,0x0000,0x0000,0x0000,
0x0000,0x0000,0x0000,0x0000,0x0000,0x0000,0x0000,0x0000,0x0000,0x0000,0x0000,0x0000,
0x0000,0x0000,0x0000,0x0000,0x0000,0x0000,0x0000,0x0000,0x0000,0x0000,0x0000,0x0000,
0x0000,0x0000,0x0000,0x0000,0x0000,0x0000,0x0000,0x0000,0x0000,0x0000,0x0000,0x0000,
0x0000,0x0000,0x0000,0x0000,0x0000,0x0000,0x0000,0x0000,0x0000,0x0000,0x0000,0x0000,
0x0000,0x0000,0x0000,0x0000,0x0000,0x0000,0x0000,0x0000,0x0000,0x0000,0x0000,0x0000,
0x0000,0x0000,0x0000,0x0000,0x0000,0x0000,0x0000,0x0000,0x0000,0x0000,0x0000,0x0000,
0x0000,0x0000,0x0000,0x0000,0x0000,0x0000,0x0000,0x0000,0x0000,0x0000,0x0000,0x0000,
0x0000,0x0000,0x0000,0x0000,0x0000,0x0000,0x0000,0x0000,0x0000,0x0000,0x0000,0x0000,
0x0000,0x0000,0x0000,0x0000,0x0000,0x0000,0x0000,0x0000,0x0000,0x0000,0x0000,0x0000,
0x0000,0x0000,0x0000,0x0000,0x0000,0x0000,0x0000,0x0000,0x0000,0x0000,0x0000,0x0000,
0x0000,0x0000,0x0000,0x0000,0x0000,0x0000,0x0000,0x0000,0x0000,0x0000,0x0000,0x0000,
0x0000,0x0000,0x0000,0x0000,0x0000,0x0000,0x0000,0x0000,0x0000,0x0000,0x0000,0x0000,
0x0000,0x0000,0x0000,0x0000,0x0000,0x0000,0x0000,0x0000,0x0000,0x0000,0x0000,0x0000,
0x0000,0x0000,0x0000,0x0000,0x0000,0x0000,0x0000,0x0000,0x0000,0x0000,0x0000,0x0000,
0x0000,0x0000,0x0000,0x0000,0x0000,0x0000,0x0000,0x0000,0x0000,0x0000,0x0000,0x0000,
0x0000,0x0000,0x0000,0x0000,0x0000,0x0000,0x0000,0x0000,0x0000,0x0000,0x0000,0x0000,
0x0000,0x0000,0x0000,0x0000,0x0000,0x0000,0x0000,0x0000,0x0000,0x0000,0x0000,0x0000,
0x0000,0x0000,0x0000,0x0000,0x0000,0x0000,0x0000,0x0000,0x0000,0x0000,0x0000,0x0000,
0x0000,0x0000,0x0000,0x0000,0x0000,0x0000,0x0000,0x0000,0x0000,0x0000,0x0000,0x0000,
0x0000,0x0000,0x0000,0x0000,0x0000,0x0000,0x0000,0x0000,0x0000,0x0000,0x0000,0x0000,
0x0000,0x0000,0x0000,0x0000,0x0000,0x0000,0x0000,0x0000,0x0000,0x0000,0x0000,0x0000,
0x0000,0x0000,0x0000,0x0000,0x0000,0x0000,0x0000,0x0000,0x0000,0x0000,0x0000,0x0000,
0x0000,0x0000,0x0000,0x0000,0x0000,0x0000,0x0000,0x0000,0x0000,0x0000,0x0000,0x0000,
0x0000,0x0000,0x0000,0x0000,0x0000,0x0000,0x0000,0x0000,0x0000,0x0000,0x0000,0x0000,
0x0000,0x0000,0x0000,0x0000,0x0000,0x0000,0x0000,0x0000,0x0000,0x0000,0x0000,0x0000,
0x0000,0x0000,0x0000,0x0000,0x0000,0x0000,0x0000,0x0000,0x0000,0x0000,0x0000,0x0000,
0x0000,0x0000,0x0000,0x0000,0x0000,0x0000,0x0000,0x0000,0x0000,0x0000,0x0000,0x0000,
0x0000,0x0000,0x0000,0x0000,0x0000,0x0000,0x0000,0x0000,0x0000,0x0000,0x0000,0x0000,
0x0000,0x0000,0x0000,0x0000,0x0000,0x0000,0x0000,0x0000,0x0000,0x0000,0x0000,0x0000,
0x0000,0x0000,0x0000,0x0000,0x0000,0x0000,0x0000,0x0000,0x0000,0x0000,0x0000,0x0000,
0x0000,0x0000,0x0000,0x0000,0x0000,0x0000,0x0000,0x0000,0x0000,0x0000,0x0000,0x0000,
0x0000,0x0000,0x0000,0x0000,0x0000,0x0000,0x0000,0x0000,0x0000,0x0000,0x0000,0x0000,
0x0000,0x0000,0x0000,0x0000,0x0000,0x0000,0x0000,0x0000,0x0000,0x0000,0x0000,0x0000,
0x0000,0x0000,0x0000,0x0000,0x0000,0x0000,0x0000,0x0000,0x0000,0x0000,0x0000,0x0000,
0x0000,0x0000,0x0000,0x0000,0x0000,0x0000,0x0000,0x0000,0x0000,0x0000,0x0000,0x0000,
0x0000,0x0000,0x0000,0x0000,0x0000,0x0000,0x0000,0x0000,0x0000,0x0000,0x0000,0x0000,
0x0000,0x0000,0x0000,0x0000,0x0000,0x0000,0x0000,0x0000,0x0000,0x0000,0x0000,0x0000,
0x0000,0x0000,0x0000,0x0000,0x0000,0x0000,0x0000,0x0000,0x0000,0x0000,0x0000,0x0000,
0x0000,0x0000,0x0000,0x0000,0x0000,0x0000,0x0000,0x0000,0x0000,0x0000,0x0000,0x0000,
0x0000,0x0000,0x0000,0x0000,0x0000,0x0000,0x0000,0x0000,0x0000,0x0000,0x0000,0x0000,
0x0000,0x0000,0x0000,0x0000,0x0000,0x0000,0x0000,0x0000,0x0000,0x0000,0x0000,0x0000,
0x0000,0x0000,0x0000,0x0000,0x0000,0x0000,0x0000,0x0000,0x0000,0x0000,0x0000,0x0000,
0x0000,0x0000,0x0000,0x0000,0x0000,0x0000,0x0000,0x0000,0x0000,0x0000,0x0000,0x0000,
0x0000,0x0000,0x0000,0x0000,0x0000,0x0000,0x0000,0x0000,0x0000,0x0000,0x0000,0x0000,
0x0000,0x0000,0x0000,0x0000,0x0000,0x0000,0x0000,0x0000,0x0000,0x0000,0x0000,0x0000,
0x0000,0x0000,0x0000,0x0000,0x0000,0x0000,0x0000,0x0000,0x0000,0x0000,0x0000,0x0000,
0x0000,0x0000,0x0000,0x0000,0x0000,0x0000,0x0000,0x0000,0x0000,0x0000,0x0000,0x0000,
0x0000,0x0000,0x0000,0x0000,0x0000,0x0000,0x0000,0x0000,0x0000,0x0000,0x0000,0x0000,
0x0000,0x0000,0x0000,0x0000,0x0000,0x0000,0x0000,0x0000,0x0000,0x0000,0x0000,0x0000,
0x0000,0x0000,0x0000,0x0000,0x0000,0x0000,0x0000,0x0000,0x0000,0x0000,0x0000,0x0000,
0x0000,0x0000,0x0000,0x0000,0x0000,0x0000,0x0000,0x0000,0x0000,0x0000,0x0000,0x0000,
0x0000,0x0000,0x0000,0x0000,0x0000,0x0000,0x0000,0x0000,0x0000,0x0000,0x0000,0x0000,
0x0000,0x0000,0x0000,0x0000,0x0000,0x0000,0x0000,0x0000,0x0000,0x0000,0x0000,0x0000,
0x0000,0x0000,0x0000,0x0000,0x0000,0x0000,0x0000,0x0000,0x0000,0x0000,0x0000,0x0000,
0x0000,0x0000,0x0000,0x0000,0x0000,0x0000,0x0000,0x0000,0x0000,0x0000,0x0000,0x0000,
0x0000,0x0000,0x0000,0x0000,0x0000,0x0000,0x0000,0x0000,0x0000,0x0000,0x0000,0x0000,
0x0000,0x0000,0x0000,0x0000,0x0000,0x0000,0x0000,0x0000,0x0000,0x0000,0x0000,0x0000,
0x0000,0x0000,0x0000,0x0000,0x0000,0x0000,0x0000,0x0000,0x0000,0x0000,0x0000,0x0000,
0x0000,0x0000,0x0000,0x0000,0x0000,0x0000,0x0000,0x0000,0x0000,0x0000,0x0000,0x0000,
0x0000,0x0000,0x0000,0x0000,0x0000,0x0000,0x0000,0x0000,0x0000,0x0000,0x0000,0x0000,
0x0000,0x0000,0x0000,0x0000,0x0000,0x0000,0x0000,0x0000,0x0000,0x0000,0x0000,0x0000,
0x0000,0x0000,0x0000,0x0000,0x0000,0x0000,0x0000,0x0000,0x0000,0x0000,0x0000,0x0000,
0x0000,0x0000,0x0000,0x0000,0x0000,0x0000,0x0000,0x0000,0x0000,0x0000,0x0000,0x0000,
0x0000,0x0000,0x0000,0x0000,0x0000,0x0000,0x0000,0x0000,0x0000,0x0000,0x0000,0x0000,
0x0000,0x0000,0x0000,0x0000,0x0000,0x0000,0x0000,0x0000,0x0000,0x0000,0x0000,0x0000,
0x0000,0x0000,0x0000,0x0000,0x0000,0x0000,0x0000,0x0000,0x0000,0x0000,0x0000,0x0000,
0x0000,0x0000,0x0000,0x0000,0x0000,0x0000,0x0000,0x0000,0x0000,0x0000,0x0000,0x0000,
0x0000,0x0000,0x0000,0x0000,0x0000,0x0000,0x0000,0x0000,0x0000,0x0000,0x0000,0x0000,
0x0000,0x0000,0x0000,0x0000,0x0000,0x0000,0x0000,0x0000,0x0000,0x0000,0x0000,0x0000,
0x0000,0x0000,0x0000,0x0000,0x0000,0x0000,0x0000,0x0000,0x0000,0x0000,0x0000,0x0000,
0x0000,0x0000,0x0000,0x0000,0x0000,0x0000,0x0000,0x0000,0x0000,0x0000,0x0000,0x0000,
0x0000,0x0000,0x0000,0x0000,0x0000,0x0000,0x0000,0x0000,0x0000,0x0000,0x0000,0x0000,
0x0000,0x0000,0x0000,0x0000,0x0000,0x0000,0x0000,0x0000,0x0000,0x0000,0x0000,0x0000,
0x0000,0x0000,0x0000,0x0000,0x0000,0x0000,0x0000,0x0000,0x0000,0x0000,0x0000,0x0000,
0x0000,0x0000,0x0000,0x0000,0x0000,0x0000,0x0000,0x0000,0x0000,0x0000,0x0000,0x0000,
0x0000,0x0000,0x0000,0x0000,0x0000,0x0000,0x0000,0x0000,0x0000,0x0000,0x0000,0x0000,
0x0000,0x0000,0x0000,0x0000,0x0000,0x0000,0x0000,0x0000,0x0000,0x0000,0x0000,0x0000,
0x0000,0x0000,0x0000,0x0000,0x0000,0x0000,0x0000,0x0000,0x0000,0x0000,0x0000,0x0000,
0x0000,0x0000,0x0000,0x0000,0x0000,0x0000,0x0000,0x0000,0x0000,0x0000,0x0000,0x0000,
0x0000,0x0000,0x0000,0x0000,0x0000,0x0000,0x0000,0x0000,0x0000,0x0000,0x0000,0x0000,
0x0000,0x0000,0x0000,0x0000,0x0000,0x0000,0x0000,0x0000,0x0000,0x0000,0x0000,0x0000,
0x0000,0x0000,0x0000,0x0000,0x0000,0x0000,0x0000,0x0000,0x0000,0x0000,0x0000,0x0000,
0x0000,0x0000,0x0000,0x0000,0x0000,0x0000,0x0000,0x0000,0x0000,0x0000,0x0000,0x0000,
0x0000,0x0000,0x0000,0x0000,0x0000,0x0000,0x0000,0x0000,0x0000,0x0000,0x0000,0x0000,
0x0000,0x0000,0x0000,0x0000,0x0000,0x0000,0x0000,0x0000,0x0000,0x0000,0x0000,0x0000,
0x0000,0x0000,0x0000,0x0000,0x0000,0x0000,0x0000,0x0000,0x0000,0x0000,0x0000,0x0000,
0x0000,0x0000,0x0000,0x0000,0x0000,0x0000,0x0000,0x0000,0x0000,0x0000,0x0000,0x0000,
0x0000,0x0000,0x0000,0x0000,0x0000,0x0000,0x0000,0x0000,0x0000,0x0000,0x0000,0x0000,
0x0000,0x0000,0x0000,0x0000,0x0000,0x0000,0x0000,0x0000,0x0000,0x0000,0x0000,0x0000,
0x0000,0x0000,0x0000,0x0000,0x0000,0x0000,0x0000,0x0000,0x0000,0x0000,0x0000,0x0000,
0x0000,0x0000,0x0000,0x0000,0x0000,0x0000,0x0000,0x0000,0x0000,0x0000,0x0000,0x0000,
0x0000,0x0000,0x0000,0x0000,0x0000,0x0000,0x0000,0x0000,0x0000,0x0000,0x0000,0x0000,
0x0000,0x0000,0x0000,0x0000,0x0000,0x0000,0x0000,0x0000,0x0000,0x0000,0x0000,0x0000,
0x0000,0x0000,0x0000,0x0000,0x0000,0x0000,0x0000,0x0000,0x0000,0x0000,0x0000,0x0000,
0x0000,0x0000,0x0000,0x0000,0x0000,0x0000,0x0000,0x0000,0x0000,0x0000,0x0000,0x0000,
0x0000,0x0000,0x0000,0x0000,0x0000,0x0000,0x0000,0x0000,0x0000,0x0000,0x0000,0x0000,
0x0000,0x0000,0x0000,0x0000,0x0000,0x0000,0x0000,0x0000,0x0000,0x0000,0x0000,0x0000,
0x0000,0x0000,0x0000,0x0000,0x0000,0x0000,0x0000,0x0000,0x0000,0x0000,0x0000,0x0000,
0x0000,0x0000,0x0000,0x0000,0x0000,0x0000,0x0000,0x0000,0x0000,0x0000,0x0000,0x0000,
0x0000,0x0000,0x0000,0x0000,0x0000,0x0000,0x0000,0x0000,0x0000,0x0000,0x0000,0x0000,
0x0000,0x0000,0x0000,0x0000,0x0000,0x0000,0x0000,0x0000,0x0000,0x0000,0x0000,0x0000,
0x0000,0x0000,0x0000,0x0000,0x0000,0x0000,0x0000,0x0000,0x0000,0x0000,0x0000,0x0000,
0x0000,0x0000,0x0000,0x0000,0x0000,0x0000,0x0000,0x0000,0x0000,0x0000,0x0000,0x0000,
0x0000,0x0000,0x0000,0x0000,0x0000,0x0000,0x0000,0x0000,0x0000,0x0000,0x0000,0x0000,
0x0000,0x0000,0x0000,0x0000,0x0000,0x0000,0x0000,0x0000,0x0000,0x0000,0x0000,0x0000,
0x0000,0x0000,0x0000,0x0000,0x0000,0x0000,0x0000,0x0000,0x0000,0x0000,0x0000,0x0000,
0x0000,0x0000,0x0000,0x0000,0x0000,0x0000,0x0000,0x0000,0x0000,0x0000,0x0000,0x0000,
0x0000,0x0000,0x0000,0x0000,0x0000,0x0000,0x0000,0x0000,0x0000,0x0000,0x0000,0x0000,
0x0000,0x0000,0x0000,0x0000,0x0000,0x0000,0x0000,0x0000,0x0000,0x0000,0x0000,0x0000,
0x0000,0x0000,0x0000,0x0000,0x0000,0x0000,0x0000,0x0000,0x0000,0x0000,0x0000,0x0000,
0x0000,0x0000,0x0000,0x0000,0x0000,0x0000,0x0000,0x0000,0x0000,0x0000,0x0000,0x0000,
0x0000,0x0000,0x0000,0x0000,0x0000,0x0000,0x0000,0x0000,0x0000,0x0000,0x0000,0x0000,
0x0000,0x0000,0x0000,0x0000,0x0000,0x0000,0x0000,0x0000,0x0000,0x0000,0x0000,0x0000,
0x0000,0x0000,0x0000,0x0000,0x0000,0x0000,0x0000,0x0000,0x0000,0x0000,0x0000,0x0000,
0x0000,0x0000,0x0000,0x0000,0x0000,0x0000,0x0000,0x0000,0x0000,0x0000,0x0000,0x0000,
0x0000,0x0000,0x0000,0x0000,0x0000,0x0000,0x0000,0x0000,0x0000,0x0000,0x0000,0x0000,
0x0000,0x0000,0x0000,0x0000,0x0000,0x0000,0x0000,0x0000,0x0000,0x0000,0x0000,0x0000,
0x0000,0x0000,0x0000,0x0000,0x0000,0x0000,0x0000,0x0000,0x0000,0x0000,0x0000,0x0000,
0x0000,0x0000,0x0000,0x0000,0x0000,0x0000,0x0000,0x0000,0x0000,0x0000,0x0000,0x0000,
0x0000,0x0000,0x0000,0x0000,0x0000,0x0000,0x0000,0x0000,0x0000,0x0000,0x0000,0x0000,
0x0000,0x0000,0x0000,0x0000,0x0000,0x0000,0x0000,0x0000,0x0000,0x0000,0x0000,0x0000,
0x0000,0x0000,0x0000,0x0000,0x0000,0x0000,0x0000,0x0000,0x0000,0x0000,0x0000,0x0000,
0x0000,0x0000,0x0000,0x0000,0x0000,0x0000,0x0000,0x0000,0x0000,0x0000,0x0000,0x0000,
0x0000,0x0000,0x0000,0x0000,0x0000,0x0000,0x0000,0x0000,0x0000,0x0000,0x0000,0x0000,
0x0000,0x0000,0x0000,0x0000,0x0000,0x0000,0x0000,0x0000,0x0000,0x0000,0x0000,0x0000,
0x0000,0x0000,0x0000,0x0000,0x0000,0x0000,0x0000,0x0000,0x0000,0x0000,0x0000,0x0000,
0x0000,0x0000,0x0000,0x0000,0x0000,0x0000,0x0000,0x0000,0x0000,0x0000,0x0000,0x0000,
0x0000,0x0000,0x0000,0x0000,0x0000,0x0000,0x0000,0x0000,0x0000,0x0000,0x0000,0x0000,
0x0000,0x0000,0x0000,0x0000,0x0000,0x0000,0x0000,0x0000,0x0000,0x0000,0x0000,0x0000,
0x0000,0x0000,0x0000,0x0000,0x0000,0x0000,0x0000,0x0000,0x0000,0x0000,0x0000,0x0000,
0x0000,0x0000,0x0000,0x0000,0x0000,0x0000,0x0000,0x0000,0x0000,0x0000,0x0000,0x0000,
0x0000,0x0000,0x0000,0x0000,0x0000,0x0000,0x0000,0x0000,0x0000,0x0000,0x0000,0x0000,
0x0000,0x0000,0x0000,0x0000,0x0000,0x0000,0x0000,0x0000,0x0000,0x0000,0x0000,0x0000,
0x0000,0x0000,0x0000,0x0000,0x0000,0x0000,0x0000,0x0000,0x0000,0x0000,0x0000,0x0000,
0x0000,0x0000,0x0000,0x0000,0x0000,0x0000,0x0000,0x0000,0x0000,0x0000,0x0000,0x0000,
0x0000,0x0000,0x0000,0x0000,0x0000,0x0000,0x0000,0x0000,0x0000,0x0000,0x0000,0x0000,
0x0000,0x0000,0x0000,0x0000,0x0000,0x0000,0x0000,0x0000,0x0000,0x0000,0x0000,0x0000,
0x0000,0x0000,0x0000,0x0000,0x0000,0x0000,0x0000,0x0000,0x0000,0x0000,0x0000,0x0000,
0x0000,0x0000,0x0000,0x0000,0x0000,0x0000,0x0000,0x0000,0x0000,0x0000,0x0000,0x0000,
0x0000,0x0000,0x0000,0x0000,0x0000,0x0000,0x0000,0x0000,0x0000,0x0000,0x0000,0x0000,
0x0000,0x0000,0x0000,0x0000,0x0000,0x0000,0x0000,0x0000,0x0000,0x0000,0x0000,0x0000,
0x0000,0x0000,0x0000,0x0000,0x0000,0x0000,0x0000,0x0000,0x0000,0x0000,0x0000,0x0000,
0x0000,0x0000,0x0000,0x0000,0x0000,0x0000,0x0000,0x0000,0x0000,0x0000,0x0000,0x0000,
0x0000,0x0000,0x0000,0x0000,0x0000,0x0000,0x0000,0x0000,0x0000,0x0000,0x0000,0x0000,
0x0000,0x0000,0x0000,0x0000,0x0000,0x0000,0x0000,0x0000,0x0000,0x0000,0x0000,0x0000,
0x0000,0x0000,0x0000,0x0000,0x0000,0x0000,0x0000,0x0000,0x0000,0x0000,0x0000,0x0000,
0x0000,0x0000,0x0000,0x0000,0x0000,0x0000,0x0000,0x0000,0x0000,0x0000,0x0000,0x0000,
0x0000,0x0000,0x0000,0x0000,0x0000,0x0000,0x0000,0x0000,0x0000,0x0000,0x0000,0x0000,
0x0000,0x0000,0x0000,0x0000,0x0000,0x0000,0x0000,0x0000,0x0000,0x0000,0x0000,0x0000,
0x0000,0x0000,0x0000,0x0000,0x0000,0x0000,0x0000,0x0000,0x0000,0x0000,0x0000,0x0000,
0x0000,0x0000,0x0000,0x0000,0x0000,0x0000,0x0000,0x0000,0x0000,0x0000,0x0000,0x0000,
0x0000,0x0000,0x0000,0x0000,0x0000,0x0000,0x0000,0x0000,0x0000,0x0000,0x0000,0x0000,
0x0000,0x0000,0x0000,0x0000,0x0000,0x0000,0x0000,0x0000,0x0000,0x0000,0x0000,0x0000,
0x0000,0x0000,0x0000,0x0000,0x0000,0x0000,0x0000,0x0000,0x0000,0x0000,0x0000,0x0000,
0x0000,0x0000,0x0000,0x0000,0x0000,0x0000,0x0000,0x0000,0x0000,0x0000,0x0000,0x0000,
0x0000,0x0000,0x0000,0x0000,0x0000,0x0000,0x0000,0x0000,0x0000,0x0000,0x0000,0x0000,
0x0000,0x0000,0x0000,0x0000,0x0000,0x0000,0x0000,0x0000,0x0000,0x0000,0x0000,0x0000,
0x0000,0x0000,0x0000,0x0000,0x0000,0x0000,0x0000,0x0000,0x0000,0x0000,0x0000,0x0000,
0x0000,0x0000,0x0000,0x0000,0x0000,0x0000,0x0000,0x0000,0x0000,0x0000,0x0000,0x0000,
0x0000,0x0000,0x0000,0x0000,0x0000,0x0000,0x0000,0x0000,0x0000,0x0000,0x0000,0x0000,
0x0000,0x0000,0x0000,0x0000,0x0000,0x0000,0x0000,0x0000,0x0000,0x0000,0x0000,0x0000,
0x0000,0x0000,0x0000,0x0000,0x0000,0x0000,0x0000,0x0000,0x0000,0x0000,0x0000,0x0000,
0x0000,0x0000,0x0000,0x0000,0x0000,0x0000,0x0000,0x0000,0x0000,0x0000,0x0000,0x0000,
0x0000,0x0000,0x0000,0x0000,0x0000,0x0000,0x0000,0x0000,0x0000,0x0000,0x0000,0x0000,
0x0000,0x0000,0x0000,0x0000,0x0000,0x0000,0x0000,0x0000,0x0000,0x0000,0x0000,0x0000,
0x0000,0x0000,0x0000,0x0000,0x0000,0x0000,0x0000,0x0000,0x0000,0x0000,0x0000,0x0000,
0x0000,0x0000,0x0000,0x0000,0x0000,0x0000,0x0000,0x0000,0x0000,0x0000,0x0000,0x0000,
0x0000,0x0000,0x0000,0x0000,0x0000,0x0000,0x0000,0x0000,0x0000,0x0000,0x0000,0x0000,
0x0000,0x0000,0x0000,0x0000,0x0000,0x0000,0x0000,0x0000,0x0000,0x0000,0x0000,0x0000,
0x0000,0x0000,0x0000,0x0000,0x0000,0x0000,0x0000,0x0000,0x0000,0x0000,0x0000,0x0000,
0x0000,0x0000,0x0000,0x0000,0x0000,0x0000,0x0000,0x0000,0x0000,0x0000,0x0000,0x0000,
0x0000,0x0000,0x0000,0x0000,0x0000,0x0000,0x0000,0x0000,0x0000,0x0000,0x0000,0x0000,
0x0000,0x0000,0x0000,0x0000,0x0000,0x0000,0x0000,0x0000,0x0000,0x0000,0x0000,0x0000,
0x0000,0x0000,0x0000,0x0000,0x0000,0x0000,0x0000,0x0000,0x0000,0x0000,0x0000,0x0000,
0x0000,0x0000,0x0000,0x0000,0x0000,0x0000,0x0000,0x0000,0x0000,0x0000,0x0000,0x0000,
0x0000,0x0000,0x0000,0x0000,0x0000,0x0000,0x0000,0x0000,0x0000,0x0000,0x0000,0x0000,
0x0000,0x0000,0x0000,0x0000,0x0000,0x0000,0x0000,0x0000,0x0000,0x0000,0x0000,0x0000,
0x0000,0x0000,0x0000,0x0000,0x0000,0x0000,0x0000,0x0000,0x0000,0x0000,0x0000,0x0000,
0x0000,0x0000,0x0000,0x0000,0x0000,0x0000,0x0000,0x0000,0x0000,0x0000,0x0000,0x0000,
0x0000,0x0000,0x0000,0x0000,0x0000,0x0000,0x0000,0x0000,0x0000,0x0000,0x0000,0x0000,
0x0000,0x0000,0x0000,0x0000,0x0000,0x0000,0x0000,0x0000,0x0000,0x0000,0x0000,0x0000,
0x0000,0x0000,0x0000,0x0000,0x0000,0x0000,0x0000,0x0000,0x0000,0x0000,0x0000,0x0000,
0x0000,0x0000,0x0000,0x0000,0x0000,0x0000,0x0000,0x0000,0x0000,0x0000,0x0000,0x0000,
0x0000,0x0000,0x0000,0x0000,0x0000,0x0000,0x0000,0x0000,0x0000,0x0000,0x0000,0x0000,
0x0000,0x0000,0x0000,0x0000,0x0000,0x0000,0x0000,0x0000,0x0000,0x0000,0x0000,0x0000,
0x0000,0x0000,0x0000,0x0000,0x0000,0x0000,0x0000,0x0000,0x0000,0x0000,0x0000,0x0000,
0x0000,0x0000,0x0000,0x0000,0x0000,0x0000,0x0000,0x0000,0x0000,0x0000,0x0000,0x0000,
0x0000,0x0000,0x0000,0x0000,0x0000,0x0000,0x0000,0x0000,0x0000,0x0000,0x0000,0x0000,
0x0000,0x0000,0x0000,0x0000,0x0000,0x0000,0x0000,0x0000,0x0000,0x0000,0x0000,0x0000,
0x0000,0x0000,0x0000,0x0000,0x0000,0x0000,0x0000,0x0000,0x0000,0x0000,0x0000,0x0000,
0x0000,0x0000,0x0000,0x0000,0x0000,0x0000,0x0000,0x0000,0x0000,0x0000,0x0000,0x0000,
0x0000,0x0000,0x0000,0x0000,0x0000,0x0000,0x0000,0x0000,0x0000,0x0000,0x0000,0x0000,
0x0000,0x0000,0x0000,0x0000,0x0000,0x0000,0x0000,0x0000,0x0000,0x0000,0x0000,0x0000,
0x0000,0x0000,0x0000,0x0000,0x0000,0x0000,0x0000,0x0000,0x0000,0x0000,0x0000,0x0000,
0x0000,0x0000,0x0000,0x0000,0x0000,0x0000,0x0000,0x0000,0x0000,0x0000,0x0000,0x0000,
0x0000,0x0000,0x0000,0x0000,0x0000,0x0000,0x0000,0x0000,0x0000,0x0000,0x0000,0x0000,
0x0000,0x0000,0x0000,0x0000,0x0000,0x0000,0x0000,0x0000,0x0000,0x0000,0x0000,0x0000,
0x0000,0x0000,0x0000,0x0000,0x0000,0x0000,0x0000,0x0000,0x0000,0x0000,0x0000,0x0000,
0x0000,0x0000,0x0000,0x0000,0x0000,0x0000,0x0000,0x0000,0x0000,0x0000,0x0000,0x0000,
0x0000,0x0000,0x0000,0x0000,0x0000,0x0000,0x0000,0x0000,0x0000,0x0000,0x0000,0x0000,
0x0000,0x0000,0x0000,0x0000,0x0000,0x0000,0x0000,0x0000,0x0000,0x0000,0x0000,0x0000,
0x0000,0x0000,0x0000,0x0000,0x0000,0x0000,0x0000,0x0000,0x0000,0x0000,0x0000,0x0000,
0x0000,0x0000,0x0000,0x0000,0x0000,0x0000,0x0000,0x0000,0x0000,0x0000,0x0000,0x0000,
0x0000,0x0000,0x0000,0x0000,0x0000,0x0000,0x0000,0x0000,0x0000,0x0000,0x0000,0x0000,
0x0000,0x0000,0x0000,0x0000,0x0000,0x0000,0x0000,0x0000,0x0000,0x0000,0x0000,0x0000,
0x0000,0x0000,0x0000,0x0000,0x0000,0x0000,0x0000,0x0000,0x0000,0x0000,0x0000,0x0000,
0x0000,0x0000,0x0000,0x0000,0x0000,0x0000,0x0000,0x0000,0x0000,0x0000,0x0000,0x0000,
0x0000,0x0000,0x0000,0x0000,0x0000,0x0000,0x0000,0x0000,0x0000,0x0000,0x0000,0x0000,
0x0000,0x0000,0x0000,0x0000,0x0000,0x0000,0x0000,0x0000,0x0000,0x0000,0x0000,0x0000,
0x0000,0x0000,0x0000,0x0000,0x0000,0x0000,0x0000,0x0000,0x0000,0x0000,0x0000,0x0000,
0x0000,0x0000,0x0000,0x0000,0x0000,0x0000,0x0000,0x0000,0x0000,0x0000,0x0000,0x0000,
0x0000,0x0000,0x0000,0x0000,0x0000,0x0000,0x0000,0x0000,0x0000,0x0000,0x0000,0x0000,
0x0000,0x0000,0x0000,0x0000,0x0000,0x0000,0x0000,0x0000,0x0000,0x0000,0x0000,0x0000,
0x0000,0x0000,0x0000,0x0000,0x0000,0x0000,0x0000,0x0000,0x0000,0x0000,0x0000,0x0000,
0x0000,0x0000,0x0000,0x0000,0x0000,0x0000,0x0000,0x0000,0x0000,0x0000,0x0000,0x0000,
0x0000,0x0000,0x0000,0x0000,0x0000,0x0000,0x0000,0x0000,0x0000,0x0000,0x0000,0x0000,
0x0000,0x0000,0x0000,0x0000,0x0000,0x0000,0x0000,0x0000,0x0000,0x0000,0x0000,0x0000,
0x0000,0x0000,0x0000,0x0000,0x0000,0x0000,0x0000,0x0000,0x0000,0x0000,0x0000,0x0000,
0x0000,0x0000,0x0000,0x0000,0x0000,0x0000,0x0000,0x0000,0x0000,0x0000,0x0000,0x0000,
0x0000,0x0000,0x0000,0x0000,0x0000,0x0000,0x0000,0x0000,0x0000,0x0000,0x0000,0x0000,
0x0000,0x0000,0x0000,0x0000,0x0000,0x0000,0x0000,0x0000,0x0000,0x0000,0x0000,0x0000,
0x0000,0x0000,0x0000,0x0000,0x0000,0x0000,0x0000,0x0000,0x0000,0x0000,0x0000,0x0000,
0x0000,0x0000,0x0000,0x0000,0x0000,0x0000,0x0000,0x0000,0x0000,0x0000,0x0000,0x0000,
0x0000,0x0000,0x0000,0x0000,0x0000,0x0000,0x0000,0x0000,0x0000,0x0000,0x0000,0x0000,
0x0000,0x0000,0x0000,0x0000,0x0000,0x0000,0x0000,0x0000,0x0000,0x0000,0x0000,0x0000,
0x0000,0x0000,0x0000,0x0000,0x0000,0x0000,0x0000,0x0000,0x0000,0x0000,0x0000,0x0000,
0x0000,0x0000,0x0000,0x0000,0x0000,0x0000,0x0000,0x0000,0x0000,0x0000,0x0000,0x0000,
0x0000,0x0000,0x0000,0x0000,0x0000,0x0000,0x0000,0x0000,0x0000,0x0000,0x0000,0x0000,
0x0000,0x0000,0x0000,0x0000,0x0000,0x0000,0x0000,0x0000,0x0000,0x0000,0x0000,0x0000,
0x0000,0x0000,0x0000,0x0000,0x0000,0x0000,0x0000,0x0000,0x0000,0x0000,0x0000,0x0000,
0x0000,0x0000,0x0000,0x0000,0x0000,0x0000,0x0000,0x0000,0x0000,0x0000,0x0000,0x0000,
0x0000,0x0000,0x0000,0x0000,0x0000,0x0000,0x0000,0x0000,0x0000,0x0000,0x0000,0x0000,
0x0000,0x0000,0x0000,0x0000,0x0000,0x0000,0x0000,0x0000,0x0000,0x0000,0x0000,0x0000,
0x0000,0x0000,0x0000,0x0000,0x0000,0x0000,0x0000,0x0000,0x0000,0x0000,0x0000,0x0000,
0x0000,0x0000,0x0000,0x0000,0x0000,0x0000,0x0000,0x0000,0x0000,0x0000,0x0000,0x0000,
0x0000,0x0000,0x0000,0x0000,0x0000,0x0000,0x0000,0x0000,0x0000,0x0000,0x0000,0x0000,
0x0000,0x0000,0x0000,0x0000,0x0000,0x0000,0x0000,0x0000,0x0000,0x0000,0x0000,0x0000,
0x0000,0x0000,0x0000,0x0000,0x0000,0x0000,0x0000,0x0000,0x0000,0x0000,0x0000,0x0000,
0x0000,0x0000,0x0000,0x0000,0x0000,0x0000,0x0000,0x0000,0x0000,0x0000,0x0000,0x0000,
0x0000,0x0000,0x0000,0x0000,0x0000,0x0000,0x0000,0x0000,0x0000,0x0000,0x0000,0x0000,
0x0000,0x0000,0x0000,0x0000,0x0000,0x0000,0x0000,0x0000,0x0000,0x0000,0x0000,0x0000,
0x0000,0x0000,0x0000,0x0000,0x0000,0x0000,0x0000,0x0000,0x0000,0x0000,0x0000,0x0000,
0x0000,0x0000,0x0000,0x0000,0x0000,0x0000,0x0000,0x0000,0x0000,0x0000,0x0000,0x0000,
0x0000,0x0000,0x0000,0x0000,0x0000,0x0000,0x0000,0x0000,0x0000,0x0000,0x0000,0x0000,
0x0000,0x0000,0x0000,0x0000,0x0000,0x0000,0x0000,0x0000,0x0000,0x0000,0x0000,0x0000,
0x0000,0x0000,0x0000,0x0000,0x0000,0x0000,0x0000,0x0000,0x0000,0x0000,0x0000,0x0000,
0x0000,0x0000,0x0000,0x0000,0x0000,0x0000,0x0000,0x0000,0x0000,0x0000,0x0000,0x0000,
0x0000,0x0000,0x0000,0x0000,0x0000,0x0000,0x0000,0x0000,0x0000,0x0000,0x0000,0x0000,
0x0000,0x0000,0x0000,0x0000,0x0000,0x0000,0x0000,0x0000,0x0000,0x0000,0x0000,0x0000,
0x0000,0x0000,0x0000,0x0000,0x0000,0x0000,0x0000,0x0000,0x0000,0x0000,0x0000,0x0000,
0x0000,0x0000,0x0000,0x0000,0x0000,0x0000,0x0000,0x0000,0x0000,0x0000,0x0000,0x0000,
0x0000,0x0000,0x0000,0x0000,0x0000,0x0000,0x0000,0x0000,0x0000,0x0000,0x0000,0x0000,
0x0000,0x0000,0x0000,0x0000,0x0000,0x0000,0x0000,0x0000,0x0000,0x0000,0x0000,0x0000,
0x0000,0x0000,0x0000,0x0000,0x0000,0x0000,0x0000,0x0000,0x0000,0x0000,0x0000,0x0000,
0x0000,0x0000,0x0000,0x0000,0x0000,0x0000,0x0000,0x0000,0x0000,0x0000,0x0000,0x0000,
0x0000,0x0000,0x0000,0x0000,0x0000,0x0000,0x0000,0x0000,0x0000,0x0000,0x0000,0x0000,
0x0000,0x0000,0x0000,0x0000,0x0000,0x0000,0x0000,0x0000,0x0000,0x0000,0x0000,0x0000,
0x0000,0x0000,0x0000,0x0000,0x0000,0x0000,0x0000,0x0000,0x0000,0x0000,0x0000,0x0000,
0x0000,0x0000,0x0000,0x0000,0x0000,0x0000,0x0000,0x0000,0x0000,0x0000,0x0000,0x0000,
0x0000,0x0000,0x0000,0x0000,0x0000,0x0000,0x0000,0x0000,0x0000,0x0000,0x0000,0x0000,
0x0000,0x0000,0x0000,0x0000,0x0000,0x0000,0x0000,0x0000,0x0000,0x0000,0x0000,0x0000,
0x0000,0x0000,0x0000,0x0000,0x0000,0x0000,0x0000,0x0000,0x0000,0x0000,0x0000,0x0000,
0x0000,0x0000,0x0000,0x0000,0x0000,0x0000,0x0000,0x0000,0x0000,0x0000,0x0000,0x0000,
0x0000,0x0000,0x0000,0x0000,0x0000,0x0000,0x0000,0x0000,0x0000,0x0000,0x0000,0x0000,
0x0000,0x0000,0x0000,0x0000,0x0000,0x0000,0x0000,0x0000,0x0000,0x0000,0x0000,0x0000,
0x0000,0x0000,0x0000,0x0000,0x0000,0x0000,0x0000,0x0000,0x0000,0x0000,0x0000,0x0000,
0x0000,0x0000,0x0000,0x0000,0x0000,0x0000,0x0000,0x0000,0x0000,0x0000,0x0000,0x0000,
0x0000,0x0000,0x0000,0x0000,0x0000,0x0000,0x0000,0x0000,0x0000,0x0000,0x0000,0x0000,
0x0000,0x0000,0x0000,0x0000,0x0000,0x0000,0x0000,0x0000,0x0000,0x0000,0x0000,0x0000,
0x0000,0x0000,0x0000,0x0000,0x0000,0x0000,0x0000,0x0000,0x0000,0x0000,0x0000,0x0000,
0x0000,0x0000,0x0000,0x0000,0x0000,0x0000,0x0000,0x0000,0x0000,0x0000,0x0000,0x0000,
0x0000,0x0000,0x0000,0x0000,0x0000,0x0000,0x0000,0x0000,0x0000,0x0000,0x0000,0x0000,
0x0000,0x0000,0x0000,0x0000,0x0000,0x0000,0x0000,0x0000,0x0000,0x0000,0x0000,0x0000,
0x0000,0x0000,0x0000,0x0000,0x0000,0x0000,0x0000,0x0000,0x0000,0x0000,0x0000,0x0000,
0x0000,0x0000,0x0000,0x0000,0x0000,0x0000,0x0000,0x0000,0x0000,0x0000,0x0000,0x0000,
0x0000,0x0000,0x0000,0x0000,0x0000,0x0000,0x0000,0x0000,0x0000,0x0000,0x0000,0x0000,
0x0000,0x0000,0x0000,0x0000,0x0000,0x0000,0x0000,0x0000,0x0000,0x0000,0x0000,0x0000,
0x0000,0x0000,0x0000,0x0000,0x0000,0x0000,0x0000,0x0000,0x0000,0x0000,0x0000,0x0000,
0x0000,0x0000,0x0000,0x0000,0x0000,0x0000,0x0000,0x0000,0x0000,0x0000,0x0000,0x0000,
0x0000,0x0000,0x0000,0x0000,0x0000,0x0000,0x0000,0x0000,0x0000,0x0000,0x0000,0x0000,
0x0000,0x0000,0x0000,0x0000,0x0000,0x0000,0x0000,0x0000,0x0000,0x0000,0x0000,0x0000,
0x0000,0x0000,0x0000,0x0000,0x0000,0x0000,0x0000,0x0000,0x0000,0x0000,0x0000,0x0000,
0x0000,0x0000,0x0000,0x0000,0x0000,0x0000,0x0000,0x0000,0x0000,0x0000,0x0000,0x0000,
0x0000,0x0000,0x0000,0x0000,0x0000,0x0000,0x0000,0x0000,0x0000,0x0000,0x0000,0x0000,
0x0000,0x0000,0x0000,0x0000,0x0000,0x0000,0x0000,0x0000,0x0000,0x0000,0x0000,0x0000,
0x0000,0x0000,0x0000,0x0000,0x0000,0x0000,0x0000,0x0000,0x0000,0x0000,0x0000,0x0000,
0x0000,0x0000,0x0000,0x0000,0x0000,0x0000,0x0000,0x0000,0x0000,0x0000,0x0000,0x0000,
0x0000,0x0000,0x0000,0x0000,0x0000,0x0000,0x0000,0x0000,0x0000,0x0000,0x0000,0x0000,
0x0000,0x0000,0x0000,0x0000,0x0000,0x0000,0x0000,0x0000,0x0000,0x0000,0x0000,0x0000,
0x0000,0x0000,0x0000,0x0000,0x0000,0x0000,0x0000,0x0000,0x0000,0x0000,0x0000,0x0000,
0x0000,0x0000,0x0000,0x0000,0x0000,0x0000,0x0000,0x0000,0x0000,0x0000,0x0000,0x0000,
0x0000,0x0000,0x0000,0x0000,0x0000,0x0000,0x0000,0x0000,0x0000,0x0000,0x0000,0x0000,
0x0000,0x0000,0x0000,0x0000,0x0000,0x0000,0x0000,0x0000,0x0000,0x0000,0x0000,0x0000,
0x0000,0x0000,0x0000,0x0000,0x0000,0x0000,0x0000,0x0000,0x0000,0x0000,0x0000,0x0000,
0x0000,0x0000,0x0000,0x0000,0x0000,0x0000,0x0000,0x0000,0x0000,0x0000,0x0000,0x0000,
0x0000,0x0000,0x0000,0x0000,0x0000,0x0000,0x0000,0x0000,0x0000,0x0000,0x0000,0x0000,
0x0000,0x0000,0x0000,0x0000,0x0000,0x0000,0x0000,0x0000,0x0000,0x0000,0x0000,0x0000,
0x0000,0x0000,0x0000,0x0000,0x0000,0x0000,0x0000,0x0000,0x0000,0x0000,0x0000,0x0000,
0x0000,0x0000,0x0000,0x0000,0x0000,0x0000,0x0000,0x0000,0x0000,0x0000,0x0000,0x0000,
0x0000,0x0000,0x0000,0x0000,0x0000,0x0000,0x0000,0x0000,0x0000,0x0000,0x0000,0x0000,
0x0000,0x0000,0x0000,0x0000,0x0000,0x0000,0x0000,0x0000,0x0000,0x0000,0x0000,0x0000,
0x0000,0x0000,0x0000,0x0000,0x0000,0x0000,0x0000,0x0000,0x0000,0x0000,0x0000,0x0000,
0x0000,0x0000,0x0000,0x0000,0x0000,0x0000,0x0000,0x0000,0x0000,0x0000,0x0000,0x0000,
0x0000,0x0000,0x0000,0x0000,0x0000,0x0000,0x0000,0x0000,0x0000,0x0000,0x0000,0x0000,
0x0000,0x0000,0x0000,0x0000,0x0000,0x0000,0x0000,0x0000,0x0000,0x0000,0x0000,0x0000,
0x0000,0x0000,0x0000,0x0000,0x0000,0x0000,0x0000,0x0000,0x0000,0x0000,0x0000,0x0000,
0x0000,0x0000,0x0000,0x0000,0x0000,0x0000,0x0000,0x0000,0x0000,0x0000,0x0000,0x0000,
0x0000,0x0000,0x0000,0x0000,0x0000,0x0000,0x0000,0x0000,0x0000,0x0000,0x0000,0x0000,
0x0000,0x0000,0x0000,0x0000,0x0000,0x0000,0x0000,0x0000,0x0000,0x0000,0x0000,0x0000,
0x0000,0x0000,0x0000,0x0000,0x0000,0x0000,0x0000,0x0000,0x0000,0x0000,0x0000,0x0000,
0x0000,0x0000,0x0000,0x0000,0x0000,0x0000,0x0000,0x0000,0x0000,0x0000,0x0000,0x0000,
0x0000,0x0000,0x0000,0x0000,0x0000,0x0000,0x0000,0x0000,0x0000,0x0000,0x0000,0x0000,
0x0000,0x0000,0x0000,0x0000,0x0000,0x0000,0x0000,0x0000,0x0000,0x0000,0x0000,0x0000,
0x0000,0x0000,0x0000,0x0000,0x0000,0x0000,0x0000,0x0000,0x0000,0x0000,0x0000,0x0000,
0x0000,0x0000,0x0000,0x0000,0x0000,0x0000,0x0000,0x0000,0x0000,0x0000,0x0000,0x0000,
0x0000,0x0000,0x0000,0x0000,0x0000,0x0000,0x0000,0x0000,0x0000,0x0000,0x0000,0x0000,
0x0000,0x0000,0x0000,0x0000,0x0000,0x0000,0x0000,0x0000,0x0000,0x0000,0x0000,0x0000,
0x0000,0x0000,0x0000,0x0000,0x0000,0x0000,0x0000,0x0000,0x0000,0x0000,0x0000,0x0000,
0x0000,0x0000,0x0000,0x0000,0x0000,0x0000,0x0000,0x0000,0x0000,0x0000,0x0000,0x0000,
0x0000,0x0000,0x0000,0x0000,0x0000,0x0000,0x0000,0x0000,0x0000,0x0000,0x0000,0x0000,
0x0000,0x0000,0x0000,0x0000,0x0000,0x0000,0x0000,0x0000,0x0000,0x0000,0x0000,0x0000,
0x0000,0x0000,0x0000,0x0000,0x0000,0x0000,0x0000,0x0000,0x0000,0x0000,0x0000,0x0000,
0x0000,0x0000,0x0000,0x0000,0x0000,0x0000,0x0000,0x0000,0x0000,0x0000,0x0000,0x0000,
0x0000,0x0000,0x0000,0x0000,
};
